id,name
2113,Codeforces Round 1031 (Div. 2)
2118,Codeforces Round 1030 (Div. 2)
2117,Codeforces Round 1029 (Div. 3)
2111,Educational Codeforces Round 179 (Rated for Div. 2)
2115,Codeforces Round 1028 (Div. 1)
2116,Codeforces Round 1028 (Div. 2)
2114,Codeforces Round 1027 (Div. 3)
2110,Codeforces Round 1026 (Div. 2)
2109,Codeforces Round 1025 (Div. 2)
2101,Codeforces Round 1024 (Div. 1)
2102,Codeforces Round 1024 (Div. 2)
2107,Codeforces Round 1023 (Div. 2)
2108,Codeforces Round 1022 (Div. 2)
2104,Educational Codeforces Round 178 (Rated for Div. 2)
2097,Codeforces Round 1021 (Div. 1)
2098,Codeforces Round 1021 (Div. 2)
2106,Codeforces Round 1020 (Div. 3)
2103,Codeforces Round 1019 (Div. 2)
2105,Tact Smart Battle 1
2096,"Neowise Labs Contest 1 (Codeforces Round 1018, Div. 1 + Div. 2)"
2094,Codeforces Round 1017 (Div. 4)
2093,Codeforces Round 1016 (Div. 3)
2087,Kotlin Heroes: Episode 12
2084,"Teza Round 1 (Codeforces Round 1015, Div. 1 + Div. 2)"
2086,Educational Codeforces Round 177 (Rated for Div. 2)
2095,April Fools Day Contest 2025
2088,Kotlin Heroes: Practice 12
2092,Codeforces Round 1014 (Div. 2)
2091,Codeforces Round 1013 (Div. 3)
2089,Codeforces Round 1012 (Div. 1)
2090,Codeforces Round 1012 (Div. 2)
2085,Codeforces Round 1011 (Div. 2)
2075,Educational Codeforces Round 176 (Rated for Div. 2)
2081,"Codeforces Round 1010 (Div. 1, Unrated)"
2082,"Codeforces Round 1010 (Div. 2, Unrated)"
2074,Codeforces Round 1009 (Div. 3)
2077,Codeforces Round 1008 (Div. 1)
2078,Codeforces Round 1008 (Div. 2)
2080,"XIX Open Olympiad in Informatics - Final Stage, Day 2 (Unrated, Online Mirror, IOI rules)"
2079,"XIX Open Olympiad in Informatics - Final Stage, Day 1 (Unrated, Online Mirror, IOI rules)"
2068,"European Championship 2025 - Online Mirror (Unrated, ICPC Rules, Teams Preferred)"
2073,"2025 ICPC Asia Pacific Championship - Online Mirror (Unrated, Online Mirror, ICPC Rules, Teams Preferred)"
2071,Codeforces Round 1007 (Div. 2)
2070,Educational Codeforces Round 175 (Rated for Div. 2)
2072,Codeforces Round 1006 (Div. 3)
2069,Educational Codeforces Round 174 (Rated for Div. 2)
2064,Codeforces Round 1005 (Div. 2)
2066,Codeforces Round 1004 (Div. 1)
2067,Codeforces Round 1004 (Div. 2)
2065,Codeforces Round 1003 (Div. 4)
2059,Codeforces Round 1002 (Div. 2)
2062,"Ethflow Round 1 (Codeforces Round 1001, Div. 1 + Div. 2)"
2063,Codeforces Round 1000 (Div. 2)
2061,"IAEPC Preliminary Contest (Codeforces Round 999, Div. 1 + Div. 2)"
2060,Codeforces Round 998 (Div. 3)
2056,Codeforces Round 997 (Div. 2)
2055,Codeforces Round 996 (Div. 2)
2057,Hello 2025
2053,Good Bye 2024: 2025 is NEAR
2043,Educational Codeforces Round 173 (Rated for Div. 2)
2054,MaraTON Challenge 1
2051,Codeforces Round 995 (Div. 3)
2049,Codeforces Round 994 (Div. 2)
2048,Codeforces Global Round 28
2044,Codeforces Round 993 (Div. 4)
2052,"2024-2025 ICPC, NERC, Northern Eurasia Finals (Unrated, Online Mirror, ICPC Rules, Teams Preferred)"
2040,Codeforces Round 992 (Div. 2)
2050,Codeforces Round 991 (Div. 3)
2046,Codeforces Round 990 (Div. 1)
2047,Codeforces Round 990 (Div. 2)
2042,Educational Codeforces Round 172 (Rated for Div. 2)
2045,"2024-2025 ICPC Asia Jakarta Regional Contest (Unrated, Online Mirror, ICPC Rules, Teams Preferred)"
2034,"Rayan Programming Contest 2024 - Selection (Codeforces Round 989, Div. 1 + Div. 2)"
2041,"2024 ICPC Asia Taichung Regional Contest (Unrated, Online Mirror, ICPC Rules, Preferably Teams)"
2039,"CodeTON Round 9 (Div. 1 + Div. 2, Rated, Prizes!)"
2038,"2024-2025 ICPC, NERC, Southern and Volga Russian Regional Contest (Unrated, Online Mirror, ICPC Rules, Preferably Teams)"
2037,Codeforces Round 988 (Div. 3)
2031,Codeforces Round 987 (Div. 2)
2028,Codeforces Round 986 (Div. 2)
2029,Refact.ai Match 1 (Codeforces Round 985)
2036,Codeforces Round 984 (Div. 3)
2032,Codeforces Round 983 (Div. 2)
2026,Educational Codeforces Round 171 (Rated for Div. 2)
2035,Codeforces Global Round 27
2027,Codeforces Round 982 (Div. 2)
2033,Codeforces Round 981 (Div. 3)
2023,Codeforces Round 980 (Div. 1)
2024,Codeforces Round 980 (Div. 2)
2030,Codeforces Round 979 (Div. 2)
2025,Educational Codeforces Round 170 (Rated for Div. 2)
2022,Codeforces Round 978 (Div. 2)
2021,"Codeforces Round 977 (Div. 2, based on COMPFEST 16 - Final Round)"
2011,Kotlin Heroes: Episode 11
2020,Codeforces Round 976 (Div. 2) and Divide By Zero 9.0
2018,Codeforces Round 975 (Div. 1)
2019,Codeforces Round 975 (Div. 2)
2014,Codeforces Round 974 (Div. 3)
2013,Codeforces Round 973 (Div. 2)
2012,Kotlin Heroes: Practice 11
2017,2024 ICPC World Finals: JetBrains Tech Trek
2005,Codeforces Round 972 (Div. 2)
2009,Codeforces Round 971 (Div. 4)
2008,Codeforces Round 970 (Div. 3)
2006,Codeforces Round 969 (Div. 1)
2007,Codeforces Round 969 (Div. 2)
2010,Testing Round 19 (Div. 3)
2003,Codeforces Round 968 (Div. 2)
2001,Codeforces Round 967 (Div. 2)
2004,Educational Codeforces Round 169 (Rated for Div. 2)
2000,Codeforces Round 966 (Div. 3)
2002,EPIC Institute of Technology Round August 2024 (Div. 1 + Div. 2)
1998,Codeforces Round 965 (Div. 2)
1999,Codeforces Round 964 (Div. 4)
1993,Codeforces Round 963 (Div. 2)
1997,Educational Codeforces Round 168 (Rated for Div. 2)
1991,Pinely Round 4 (Div. 1 + Div. 2)
1996,Codeforces Round 962 (Div. 3)
1995,Codeforces Round 961 (Div. 2)
1990,Codeforces Round 960 (Div. 2)
1994,Codeforces Round 959 sponsored by NEAR (Div. 1 + Div. 2)
1988,Codeforces Round 958 (Div. 2)
1992,Codeforces Round 957 (Div. 3)
1983,Codeforces Round 956 (Div. 2) and ByteRace 2024
1987,EPIC Institute of Technology Round Summer 2024 (Div. 1 + Div. 2)
1989,Educational Codeforces Round 167 (Rated for Div. 2)
1982,"Codeforces Round 955 (Div. 2, with prizes from NEAR!)"
1986,Codeforces Round 954 (Div. 3)
1978,Codeforces Round 953 (Div. 2)
1985,Codeforces Round 952 (Div. 4)
1984,Codeforces Global Round 26
1979,Codeforces Round 951 (Div. 2)
1980,Codeforces Round 950 (Div. 3)
1981,Codeforces Round 949 (Div. 2)
1976,Educational Codeforces Round 166 (Rated for Div. 2)
1977,Codeforces Round 948 (Div. 2)
1975,Codeforces Round 947 (Div. 1 + Div. 2)
1974,Codeforces Round 946 (Div. 3)
1973,Codeforces Round 945 (Div. 2)
1958,Kotlin Heroes: Episode 10
1971,Codeforces Round 944 (Div. 4)
1959,Kotlin Heroes: Practice 10
1953,2023 Post World Finals Online ICPC Challenge powered by Huawei
1970,"Helvetic Coding Contest 2024 online mirror (teams allowed, unrated)"
1968,Codeforces Round 943 (Div. 3)
1967,Codeforces Round 942 (Div. 1)
1972,Codeforces Round 942 (Div. 2)
1969,Educational Codeforces Round 165 (Rated for Div. 2)
1965,Codeforces Round 941 (Div. 1)
1966,Codeforces Round 941 (Div. 2)
1957,Codeforces Round 940 (Div. 2) and CodeCraft-23
1956,Codeforces Round 939 (Div. 2)
1954,Educational Codeforces Round 164 (Rated for Div. 2)
1955,Codeforces Round 938 (Div. 3)
1951,Codeforces Global Round 25
1952,April Fools Day Contest 2024
1942,"CodeTON Round 8 (Div. 1 + Div. 2, Rated, Prizes!)"
1950,Codeforces Round 937 (Div. 4)
1949,"European Championship 2024 - Online Mirror (Unrated, ICPC Rules, Teams Preferred)"
1946,Codeforces Round 936 (Div. 2)
1945,Codeforces Round 935 (Div. 3)
1943,Codeforces Round 934 (Div. 1)
1944,Codeforces Round 934 (Div. 2)
1948,Educational Codeforces Round 163 (Rated for Div. 2)
1941,Codeforces Round 933 (Div. 3)
1940,"XVIII Open Olympiad in Informatics - Final Stage, Day 2 (Unrated, Online Mirror, IOI rules)"
1939,"XVIII Open Olympiad in Informatics - Final Stage, Day 1 (Unrated, Online Mirror, IOI rules)"
1935,Codeforces Round 932 (Div. 2)
1938,"2024 ICPC Asia Pacific Championship - Online Mirror (Unrated, Online Mirror, ICPC Rules, Teams Preferred)"
1934,Codeforces Round 931 (Div. 2)
1936,Codeforces Round 930 (Div. 1)
1937,Codeforces Round 930 (Div. 2)
1933,Codeforces Round 929 (Div. 3)
1923,Educational Codeforces Round 162 (Rated for Div. 2)
1926,Codeforces Round 928 (Div. 4)
1932,Codeforces Round 927 (Div. 3)
1930,think-cell Round 1
1929,Codeforces Round 926 (Div. 2)
1931,Codeforces Round 925 (Div. 3)
1928,Codeforces Round 924 (Div. 2)
1927,Codeforces Round 923 (Div. 3)
1918,Codeforces Round 922 (Div. 2)
1924,Codeforces Round 921 (Div. 1)
1925,Codeforces Round 921 (Div. 2)
1922,Educational Codeforces Round 161 (Rated for Div. 2)
1921,Codeforces Round 920 (Div. 3)
1920,Codeforces Round 919 (Div. 2)
1919,Hello 2024
1916,Good Bye 2023
1915,Codeforces Round 918 (Div. 4)
1917,Codeforces Round 917 (Div. 2)
1909,Pinely Round 3 (Div. 1 + Div. 2)
1914,Codeforces Round 916 (Div. 3)
1913,Educational Codeforces Round 160 (Rated for Div. 2)
1905,Codeforces Round 915 (Div. 2)
1912,"2023-2024 ICPC, NERC, Northern Eurasia Onsite (Unrated, Online Mirror, ICPC Rules, Teams Preferred)"
1910,"Kotlin Heroes: Episode 9 (Unrated, T-Shirts + Prizes!)"
1904,Codeforces Round 914 (Div. 2)
1907,Codeforces Round 913 (Div. 3)
1902,Educational Codeforces Round 159 (Rated for Div. 2)
1906,"2023-2024 ICPC, Asia Jakarta Regional Contest (Online Mirror, Unrated, ICPC Rules, Teams Preferred)"
1911,Kotlin Heroes: Practice 9 (release 2)
1903,Codeforces Round 912 (Div. 2)
1900,Codeforces Round 911 (Div. 2)
1896,"CodeTON Round 7 (Div. 1 + Div. 2, Rated, Prizes!)"
1901,Educational Codeforces Round 158 (Rated for Div. 2)
1885,ICPC 2023 Online Challenge powered by Huawei
1898,Codeforces Round 910 (Div. 2)
1899,Codeforces Round 909 (Div. 3)
1893,Codeforces Round 908 (Div. 1)
1894,Codeforces Round 908 (Div. 2)
1895,Educational Codeforces Round 157 (Rated for Div. 2)
1891,Codeforces Round 907 (Div. 2)
1889,Codeforces Round 906 (Div. 1)
1890,Codeforces Round 906 (Div. 2)
1887,Codeforces Round 905 (Div. 1)
1888,Codeforces Round 905 (Div. 2)
1883,Codeforces Round 905 (Div. 3)
1884,Codeforces Round 904 (Div. 2)
1881,Codeforces Round 903 (Div. 3)
1886,Educational Codeforces Round 156 (Rated for Div. 2)
1876,"Codeforces Round 902 (Div. 1, based on COMPFEST 15 - Final Round)"
1877,"Codeforces Round 902 (Div. 2, based on COMPFEST 15 - Final Round)"
1874,Codeforces Round 901 (Div. 1)
1875,Codeforces Round 901 (Div. 2)
1878,Codeforces Round 900 (Div. 3)
1882,Codeforces Round 899 (Div. 2)
1879,Educational Codeforces Round 155 (Rated for Div. 2)
1873,Codeforces Round 898 (Div. 4)
1870,"CodeTON Round 6 (Div. 1 + Div. 2, Rated, Prizes!)"
1867,Codeforces Round 897 (Div. 2)
1868,Codeforces Round 896 (Div. 1)
1869,Codeforces Round 896 (Div. 2)
1872,Codeforces Round 895 (Div. 3)
1866,"COMPFEST 15 - Preliminary Online Mirror (Unrated, ICPC Rules, Teams Preferred)"
1861,Educational Codeforces Round 154 (Rated for Div. 2)
1863,Pinely Round 2 (Div. 1 + Div. 2)
1864,Harbour.Space Scholarship Contest 2023-2024 (Div. 1 + Div. 2)
1862,Codeforces Round 894 (Div. 3)
1860,Educational Codeforces Round 153 (Rated for Div. 2)
1858,Codeforces Round 893 (Div. 2)
1859,Codeforces Round 892 (Div. 2)
1857,Codeforces Round 891 (Div. 3)
1856,Codeforces Round 890 (Div. 2) supported by Constructor Institute
1854,Codeforces Round 889 (Div. 1)
1855,Codeforces Round 889 (Div. 2)
1849,Educational Codeforces Round 152 (Rated for Div. 2)
1851,Codeforces Round 888 (Div. 3)
1852,Codeforces Round 887 (Div. 1)
1853,Codeforces Round 887 (Div. 2)
1850,Codeforces Round 886 (Div. 4)
1848,Codeforces Round 885 (Div. 2)
1844,Codeforces Round 884 (Div. 1 + Div. 2)
1846,Codeforces Round 883 (Div. 3)
1847,Codeforces Round 882 (Div. 2)
1845,Educational Codeforces Round 151 (Rated for Div. 2)
1842,"CodeTON Round 5 (Div. 1 + Div. 2, Rated, Prizes!)"
1843,Codeforces Round 881 (Div. 3)
1835,Codeforces Round 880 (Div. 1)
1836,Codeforces Round 880 (Div. 2)
1834,Codeforces Round 879 (Div. 2)
1841,Educational Codeforces Round 150 (Rated for Div. 2)
1840,Codeforces Round 878 (Div. 3)
1838,Codeforces Round 877 (Div. 2)
1839,Codeforces Round 876 (Div. 2)
1830,Codeforces Round 875 (Div. 1)
1831,Codeforces Round 875 (Div. 2)
1837,Educational Codeforces Round 149 (Rated for Div. 2)
1833,Codeforces Round 874 (Div. 3)
1827,Codeforces Round 873 (Div. 1)
1828,Codeforces Round 873 (Div. 2)
1832,Educational Codeforces Round 148 (Rated for Div. 2)
1824,Codeforces Round 872 (Div. 1)
1825,Codeforces Round 872 (Div. 2)
1829,Codeforces Round 871 (Div. 4)
1826,Codeforces Round 870 (Div. 2)
1817,Codeforces Round 869 (Div. 1)
1818,Codeforces Round 869 (Div. 2)
1823,Codeforces Round 868 (Div. 2)
1822,Codeforces Round 867 (Div. 3)
1821,Educational Codeforces Round 147 (Rated for Div. 2)
1819,Codeforces Round 866 (Div. 1)
1820,Codeforces Round 866 (Div. 2)
1813,ICPC 2023 Online Spring Challenge powered by Huawei
1815,Codeforces Round 865 (Div. 1)
1816,Codeforces Round 865 (Div. 2)
1797,Codeforces Round 864 (Div. 2)
1814,Educational Codeforces Round 146 (Rated for Div. 2)
1811,Codeforces Round 863 (Div. 3)
1805,Codeforces Round 862 (Div. 2)
1812,April Fools Day Contest 2023
1810,"CodeTON Round 4 (Div. 1 + Div. 2, Rated, Prizes!)"
1808,Codeforces Round 861 (Div. 2)
1798,Codeforces Round 860 (Div. 2)
1809,Educational Codeforces Round 145 (Rated for Div. 2)
1807,Codeforces Round 859 (Div. 4)
1806,Codeforces Round 858 (Div. 2)
1804,Nebius Welcome Round (Div. 1 + Div. 2)
1801,Codeforces Round 857 (Div. 1)
1802,Codeforces Round 857 (Div. 2)
1794,Codeforces Round 856 (Div. 2)
1800,Codeforces Round 855 (Div. 3)
1796,Educational Codeforces Round 144 (Rated for Div. 2)
1799,Codeforces Round 854 by cybercats (Div. 1 + Div. 2)
1789,Codeforces Round 853 (Div. 2)
1776,"SWERC 2022-2023 - Online Mirror (Unrated, ICPC Rules, Teams Preferred)"
1795,Educational Codeforces Round 143 (Rated for Div. 2)
1793,Codeforces Round 852 (Div. 2)
1788,Codeforces Round 851 (Div. 2)
2122,Codeforces Round (Div. 1 + Div. 2)
2119,Codeforces Round (Div. 2)
2112,Educational Codeforces Round 180 (Rated for Div. 2)
2120,Codeforces Round (Div. 1 + Div. 2)
2121,Codeforces Round 1032 (Div. 3)
2113,Codeforces Round 1031 (Div. 2)
2118,Codeforces Round 1030 (Div. 2)
2117,Codeforces Round 1029 (Div. 3)
2111,Educational Codeforces Round 179 (Rated for Div. 2)
2115,Codeforces Round 1028 (Div. 1)
2116,Codeforces Round 1028 (Div. 2)
2114,Codeforces Round 1027 (Div. 3)
2110,Codeforces Round 1026 (Div. 2)
2109,Codeforces Round 1025 (Div. 2)
2101,Codeforces Round 1024 (Div. 1)
2102,Codeforces Round 1024 (Div. 2)
2107,Codeforces Round 1023 (Div. 2)
2108,Codeforces Round 1022 (Div. 2)
2104,Educational Codeforces Round 178 (Rated for Div. 2)
2097,Codeforces Round 1021 (Div. 1)
2098,Codeforces Round 1021 (Div. 2)
2106,Codeforces Round 1020 (Div. 3)
2103,Codeforces Round 1019 (Div. 2)
2105,Tact Smart Battle 1
2096,"Neowise Labs Contest 1 (Codeforces Round 1018, Div. 1 + Div. 2)"
2094,Codeforces Round 1017 (Div. 4)
2093,Codeforces Round 1016 (Div. 3)
2087,Kotlin Heroes: Episode 12
2084,"Teza Round 1 (Codeforces Round 1015, Div. 1 + Div. 2)"
2086,Educational Codeforces Round 177 (Rated for Div. 2)
2095,April Fools Day Contest 2025
2088,Kotlin Heroes: Practice 12
2092,Codeforces Round 1014 (Div. 2)
2091,Codeforces Round 1013 (Div. 3)
2089,Codeforces Round 1012 (Div. 1)
2090,Codeforces Round 1012 (Div. 2)
2085,Codeforces Round 1011 (Div. 2)
2075,Educational Codeforces Round 176 (Rated for Div. 2)
2081,"Codeforces Round 1010 (Div. 1, Unrated)"
2082,"Codeforces Round 1010 (Div. 2, Unrated)"
2074,Codeforces Round 1009 (Div. 3)
2077,Codeforces Round 1008 (Div. 1)
2078,Codeforces Round 1008 (Div. 2)
2080,"XIX Open Olympiad in Informatics - Final Stage, Day 2 (Unrated, Online Mirror, IOI rules)"
2079,"XIX Open Olympiad in Informatics - Final Stage, Day 1 (Unrated, Online Mirror, IOI rules)"
2068,"European Championship 2025 - Online Mirror (Unrated, ICPC Rules, Teams Preferred)"
2073,"2025 ICPC Asia Pacific Championship - Online Mirror (Unrated, Online Mirror, ICPC Rules, Teams Preferred)"
2071,Codeforces Round 1007 (Div. 2)
2070,Educational Codeforces Round 175 (Rated for Div. 2)
2072,Codeforces Round 1006 (Div. 3)
2069,Educational Codeforces Round 174 (Rated for Div. 2)
2064,Codeforces Round 1005 (Div. 2)
2066,Codeforces Round 1004 (Div. 1)
2067,Codeforces Round 1004 (Div. 2)
2065,Codeforces Round 1003 (Div. 4)
2059,Codeforces Round 1002 (Div. 2)
2062,"Ethflow Round 1 (Codeforces Round 1001, Div. 1 + Div. 2)"
2063,Codeforces Round 1000 (Div. 2)
2061,"IAEPC Preliminary Contest (Codeforces Round 999, Div. 1 + Div. 2)"
2060,Codeforces Round 998 (Div. 3)
2056,Codeforces Round 997 (Div. 2)
2055,Codeforces Round 996 (Div. 2)
2057,Hello 2025
2053,Good Bye 2024: 2025 is NEAR
2043,Educational Codeforces Round 173 (Rated for Div. 2)
2054,MaraTON Challenge 1
2051,Codeforces Round 995 (Div. 3)
2049,Codeforces Round 994 (Div. 2)
2048,Codeforces Global Round 28
2044,Codeforces Round 993 (Div. 4)
2052,"2024-2025 ICPC, NERC, Northern Eurasia Finals (Unrated, Online Mirror, ICPC Rules, Teams Preferred)"
2040,Codeforces Round 992 (Div. 2)
2050,Codeforces Round 991 (Div. 3)
2046,Codeforces Round 990 (Div. 1)
2047,Codeforces Round 990 (Div. 2)
2042,Educational Codeforces Round 172 (Rated for Div. 2)
2045,"2024-2025 ICPC Asia Jakarta Regional Contest (Unrated, Online Mirror, ICPC Rules, Teams Preferred)"
2034,"Rayan Programming Contest 2024 - Selection (Codeforces Round 989, Div. 1 + Div. 2)"
2041,"2024 ICPC Asia Taichung Regional Contest (Unrated, Online Mirror, ICPC Rules, Preferably Teams)"
2039,"CodeTON Round 9 (Div. 1 + Div. 2, Rated, Prizes!)"
2038,"2024-2025 ICPC, NERC, Southern and Volga Russian Regional Contest (Unrated, Online Mirror, ICPC Rules, Preferably Teams)"
2037,Codeforces Round 988 (Div. 3)
2031,Codeforces Round 987 (Div. 2)
2028,Codeforces Round 986 (Div. 2)
2029,Refact.ai Match 1 (Codeforces Round 985)
2036,Codeforces Round 984 (Div. 3)
2032,Codeforces Round 983 (Div. 2)
2026,Educational Codeforces Round 171 (Rated for Div. 2)
2035,Codeforces Global Round 27
2027,Codeforces Round 982 (Div. 2)
2033,Codeforces Round 981 (Div. 3)
2023,Codeforces Round 980 (Div. 1)
2024,Codeforces Round 980 (Div. 2)
2030,Codeforces Round 979 (Div. 2)
2025,Educational Codeforces Round 170 (Rated for Div. 2)
2022,Codeforces Round 978 (Div. 2)
2021,"Codeforces Round 977 (Div. 2, based on COMPFEST 16 - Final Round)"
2011,Kotlin Heroes: Episode 11
2020,Codeforces Round 976 (Div. 2) and Divide By Zero 9.0
2018,Codeforces Round 975 (Div. 1)
2019,Codeforces Round 975 (Div. 2)
2014,Codeforces Round 974 (Div. 3)
2013,Codeforces Round 973 (Div. 2)
2012,Kotlin Heroes: Practice 11
2017,2024 ICPC World Finals: JetBrains Tech Trek
2005,Codeforces Round 972 (Div. 2)
2009,Codeforces Round 971 (Div. 4)
2008,Codeforces Round 970 (Div. 3)
2006,Codeforces Round 969 (Div. 1)
2007,Codeforces Round 969 (Div. 2)
2010,Testing Round 19 (Div. 3)
2003,Codeforces Round 968 (Div. 2)
2001,Codeforces Round 967 (Div. 2)
2004,Educational Codeforces Round 169 (Rated for Div. 2)
2000,Codeforces Round 966 (Div. 3)
2002,EPIC Institute of Technology Round August 2024 (Div. 1 + Div. 2)
1998,Codeforces Round 965 (Div. 2)
1999,Codeforces Round 964 (Div. 4)
1993,Codeforces Round 963 (Div. 2)
1997,Educational Codeforces Round 168 (Rated for Div. 2)
1991,Pinely Round 4 (Div. 1 + Div. 2)
1996,Codeforces Round 962 (Div. 3)
1995,Codeforces Round 961 (Div. 2)
1990,Codeforces Round 960 (Div. 2)
1994,Codeforces Round 959 sponsored by NEAR (Div. 1 + Div. 2)
1988,Codeforces Round 958 (Div. 2)
1992,Codeforces Round 957 (Div. 3)
1983,Codeforces Round 956 (Div. 2) and ByteRace 2024
1987,EPIC Institute of Technology Round Summer 2024 (Div. 1 + Div. 2)
1989,Educational Codeforces Round 167 (Rated for Div. 2)
1982,"Codeforces Round 955 (Div. 2, with prizes from NEAR!)"
1986,Codeforces Round 954 (Div. 3)
1978,Codeforces Round 953 (Div. 2)
1985,Codeforces Round 952 (Div. 4)
1984,Codeforces Global Round 26
1979,Codeforces Round 951 (Div. 2)
1980,Codeforces Round 950 (Div. 3)
1981,Codeforces Round 949 (Div. 2)
1976,Educational Codeforces Round 166 (Rated for Div. 2)
1977,Codeforces Round 948 (Div. 2)
1975,Codeforces Round 947 (Div. 1 + Div. 2)
1974,Codeforces Round 946 (Div. 3)
1973,Codeforces Round 945 (Div. 2)
1958,Kotlin Heroes: Episode 10
1971,Codeforces Round 944 (Div. 4)
1959,Kotlin Heroes: Practice 10
1953,2023 Post World Finals Online ICPC Challenge powered by Huawei
1970,"Helvetic Coding Contest 2024 online mirror (teams allowed, unrated)"
1968,Codeforces Round 943 (Div. 3)
1967,Codeforces Round 942 (Div. 1)
1972,Codeforces Round 942 (Div. 2)
1969,Educational Codeforces Round 165 (Rated for Div. 2)
1965,Codeforces Round 941 (Div. 1)
1966,Codeforces Round 941 (Div. 2)
1957,Codeforces Round 940 (Div. 2) and CodeCraft-23
1956,Codeforces Round 939 (Div. 2)
1954,Educational Codeforces Round 164 (Rated for Div. 2)
1955,Codeforces Round 938 (Div. 3)
1951,Codeforces Global Round 25
1952,April Fools Day Contest 2024
1942,"CodeTON Round 8 (Div. 1 + Div. 2, Rated, Prizes!)"
1950,Codeforces Round 937 (Div. 4)
1949,"European Championship 2024 - Online Mirror (Unrated, ICPC Rules, Teams Preferred)"
1946,Codeforces Round 936 (Div. 2)
1945,Codeforces Round 935 (Div. 3)
1943,Codeforces Round 934 (Div. 1)
1944,Codeforces Round 934 (Div. 2)
1948,Educational Codeforces Round 163 (Rated for Div. 2)
1941,Codeforces Round 933 (Div. 3)
1940,"XVIII Open Olympiad in Informatics - Final Stage, Day 2 (Unrated, Online Mirror, IOI rules)"
1939,"XVIII Open Olympiad in Informatics - Final Stage, Day 1 (Unrated, Online Mirror, IOI rules)"
1935,Codeforces Round 932 (Div. 2)
1938,"2024 ICPC Asia Pacific Championship - Online Mirror (Unrated, Online Mirror, ICPC Rules, Teams Preferred)"
1934,Codeforces Round 931 (Div. 2)
1936,Codeforces Round 930 (Div. 1)
1937,Codeforces Round 930 (Div. 2)
1933,Codeforces Round 929 (Div. 3)
1923,Educational Codeforces Round 162 (Rated for Div. 2)
1926,Codeforces Round 928 (Div. 4)
1932,Codeforces Round 927 (Div. 3)
1930,think-cell Round 1
1929,Codeforces Round 926 (Div. 2)
1931,Codeforces Round 925 (Div. 3)
1928,Codeforces Round 924 (Div. 2)
1927,Codeforces Round 923 (Div. 3)
1918,Codeforces Round 922 (Div. 2)
1924,Codeforces Round 921 (Div. 1)
1925,Codeforces Round 921 (Div. 2)
1922,Educational Codeforces Round 161 (Rated for Div. 2)
1921,Codeforces Round 920 (Div. 3)
1920,Codeforces Round 919 (Div. 2)
1919,Hello 2024
1916,Good Bye 2023
1915,Codeforces Round 918 (Div. 4)
1917,Codeforces Round 917 (Div. 2)
1909,Pinely Round 3 (Div. 1 + Div. 2)
1914,Codeforces Round 916 (Div. 3)
1913,Educational Codeforces Round 160 (Rated for Div. 2)
1905,Codeforces Round 915 (Div. 2)
1912,"2023-2024 ICPC, NERC, Northern Eurasia Onsite (Unrated, Online Mirror, ICPC Rules, Teams Preferred)"
1910,"Kotlin Heroes: Episode 9 (Unrated, T-Shirts + Prizes!)"
1904,Codeforces Round 914 (Div. 2)
1907,Codeforces Round 913 (Div. 3)
1902,Educational Codeforces Round 159 (Rated for Div. 2)
1906,"2023-2024 ICPC, Asia Jakarta Regional Contest (Online Mirror, Unrated, ICPC Rules, Teams Preferred)"
1911,Kotlin Heroes: Practice 9 (release 2)
1903,Codeforces Round 912 (Div. 2)
1900,Codeforces Round 911 (Div. 2)
1896,"CodeTON Round 7 (Div. 1 + Div. 2, Rated, Prizes!)"
1901,Educational Codeforces Round 158 (Rated for Div. 2)
1885,ICPC 2023 Online Challenge powered by Huawei
1898,Codeforces Round 910 (Div. 2)
1899,Codeforces Round 909 (Div. 3)
1893,Codeforces Round 908 (Div. 1)
1894,Codeforces Round 908 (Div. 2)
1895,Educational Codeforces Round 157 (Rated for Div. 2)
1891,Codeforces Round 907 (Div. 2)
1889,Codeforces Round 906 (Div. 1)
1890,Codeforces Round 906 (Div. 2)
1887,Codeforces Round 905 (Div. 1)
1888,Codeforces Round 905 (Div. 2)
1883,Codeforces Round 905 (Div. 3)
1884,Codeforces Round 904 (Div. 2)
1881,Codeforces Round 903 (Div. 3)
1886,Educational Codeforces Round 156 (Rated for Div. 2)
1876,"Codeforces Round 902 (Div. 1, based on COMPFEST 15 - Final Round)"
1877,"Codeforces Round 902 (Div. 2, based on COMPFEST 15 - Final Round)"
1874,Codeforces Round 901 (Div. 1)
1875,Codeforces Round 901 (Div. 2)
1878,Codeforces Round 900 (Div. 3)
1882,Codeforces Round 899 (Div. 2)
1879,Educational Codeforces Round 155 (Rated for Div. 2)
1873,Codeforces Round 898 (Div. 4)
1870,"CodeTON Round 6 (Div. 1 + Div. 2, Rated, Prizes!)"
1867,Codeforces Round 897 (Div. 2)
1868,Codeforces Round 896 (Div. 1)
1869,Codeforces Round 896 (Div. 2)
1872,Codeforces Round 895 (Div. 3)
1866,"COMPFEST 15 - Preliminary Online Mirror (Unrated, ICPC Rules, Teams Preferred)"
1861,Educational Codeforces Round 154 (Rated for Div. 2)
1863,Pinely Round 2 (Div. 1 + Div. 2)
1864,Harbour.Space Scholarship Contest 2023-2024 (Div. 1 + Div. 2)
1862,Codeforces Round 894 (Div. 3)
1860,Educational Codeforces Round 153 (Rated for Div. 2)
1858,Codeforces Round 893 (Div. 2)
1859,Codeforces Round 892 (Div. 2)
1857,Codeforces Round 891 (Div. 3)
1856,Codeforces Round 890 (Div. 2) supported by Constructor Institute
1854,Codeforces Round 889 (Div. 1)
1855,Codeforces Round 889 (Div. 2)
1849,Educational Codeforces Round 152 (Rated for Div. 2)
1851,Codeforces Round 888 (Div. 3)
1852,Codeforces Round 887 (Div. 1)
1853,Codeforces Round 887 (Div. 2)
1850,Codeforces Round 886 (Div. 4)
1848,Codeforces Round 885 (Div. 2)
1844,Codeforces Round 884 (Div. 1 + Div. 2)
1846,Codeforces Round 883 (Div. 3)
1847,Codeforces Round 882 (Div. 2)
1845,Educational Codeforces Round 151 (Rated for Div. 2)
1842,"CodeTON Round 5 (Div. 1 + Div. 2, Rated, Prizes!)"
1843,Codeforces Round 881 (Div. 3)
1835,Codeforces Round 880 (Div. 1)
1836,Codeforces Round 880 (Div. 2)
1834,Codeforces Round 879 (Div. 2)
1841,Educational Codeforces Round 150 (Rated for Div. 2)
1840,Codeforces Round 878 (Div. 3)
1838,Codeforces Round 877 (Div. 2)
1839,Codeforces Round 876 (Div. 2)
1830,Codeforces Round 875 (Div. 1)
1831,Codeforces Round 875 (Div. 2)
1837,Educational Codeforces Round 149 (Rated for Div. 2)
1833,Codeforces Round 874 (Div. 3)
1827,Codeforces Round 873 (Div. 1)
1828,Codeforces Round 873 (Div. 2)
1832,Educational Codeforces Round 148 (Rated for Div. 2)
1824,Codeforces Round 872 (Div. 1)
1825,Codeforces Round 872 (Div. 2)
1829,Codeforces Round 871 (Div. 4)
1826,Codeforces Round 870 (Div. 2)
1817,Codeforces Round 869 (Div. 1)
1818,Codeforces Round 869 (Div. 2)
1823,Codeforces Round 868 (Div. 2)
1822,Codeforces Round 867 (Div. 3)
1821,Educational Codeforces Round 147 (Rated for Div. 2)
1819,Codeforces Round 866 (Div. 1)
1820,Codeforces Round 866 (Div. 2)
1813,ICPC 2023 Online Spring Challenge powered by Huawei
1815,Codeforces Round 865 (Div. 1)
1816,Codeforces Round 865 (Div. 2)
1797,Codeforces Round 864 (Div. 2)
1814,Educational Codeforces Round 146 (Rated for Div. 2)
1811,Codeforces Round 863 (Div. 3)
1805,Codeforces Round 862 (Div. 2)
1812,April Fools Day Contest 2023
1810,"CodeTON Round 4 (Div. 1 + Div. 2, Rated, Prizes!)"
1808,Codeforces Round 861 (Div. 2)
1798,Codeforces Round 860 (Div. 2)
1809,Educational Codeforces Round 145 (Rated for Div. 2)
1807,Codeforces Round 859 (Div. 4)
1806,Codeforces Round 858 (Div. 2)
1804,Nebius Welcome Round (Div. 1 + Div. 2)
1801,Codeforces Round 857 (Div. 1)
1802,Codeforces Round 857 (Div. 2)
1794,Codeforces Round 856 (Div. 2)
1800,Codeforces Round 855 (Div. 3)
1796,Educational Codeforces Round 144 (Rated for Div. 2)
1799,Codeforces Round 854 by cybercats (Div. 1 + Div. 2)
1789,Codeforces Round 853 (Div. 2)
1776,"SWERC 2022-2023 - Online Mirror (Unrated, ICPC Rules, Teams Preferred)"
1795,Educational Codeforces Round 143 (Rated for Div. 2)
1793,Codeforces Round 852 (Div. 2)
1788,Codeforces Round 851 (Div. 2)
1784,VK Cup 2022 - Финальный раунд (Engine)
1785,"Codeforces Round 850 (Div. 1, based on VK Cup 2022 - Final Round)"
1786,"Codeforces Round 850 (Div. 2, based on VK Cup 2022 - Final Round)"
1791,Codeforces Round 849 (Div. 4)
1778,Codeforces Round 848 (Div. 2)
1787,"TypeDB Forces 2023 (Div. 1 + Div. 2, Rated, Prizes!)"
1790,Codeforces Round 847 (Div. 3)
1780,Codeforces Round 846 (Div. 2)
1792,Educational Codeforces Round 142 (Rated for Div. 2)
1777,Codeforces Round 845 (Div. 2) and ByteRace 2023
1781,VK Cup 2022 - Отборочный раунд (Engine)
1782,"Codeforces Round 844 (Div. 1 + Div. 2, based on VK Cup 2022 - Elimination Round)"
1775,Codeforces Round 843 (Div. 2)
1783,Educational Codeforces Round 141 (Rated for Div. 2)
1768,Codeforces Round 842 (Div. 2)
1779,Hello 2023
1770,Good Bye 2022: 2023 is NEAR
1731,Codeforces Round 841 (Div. 2) and Divide by Zero 2022
1763,Codeforces Round 840 (Div. 2) and Enigma 2022 - Cybros LNMIIT
1772,Codeforces Round 839 (Div. 3)
1774,"Polynomial Round 2022 (Div. 1 + Div. 2, Rated, Prizes!)"
1767,Educational Codeforces Round 140 (Rated for Div. 2)
1762,Codeforces Round 838 (Div. 2)
1766,Educational Codeforces Round 139 (Rated for Div. 2)
1771,Codeforces Round 837 (Div. 2)
1773,"2022-2023 ICPC, NERC, Northern Eurasia Onsite (Unrated, Online Mirror, ICPC Rules, Teams Preferred)"
1769,VK Cup 2022 - Квалификация (Engine)
1765,"2022-2023 ICPC, NERC, Southern and Volga Russian Regional Contest (Online Mirror, ICPC Rules, Preferably Teams)"
1764,Codeforces Global Round 24
1758,Codeforces Round 836 (Div. 2)
1760,Codeforces Round 835 (Div. 4)
1761,Pinely Round 1 (Div. 1 + Div. 2)
1759,Codeforces Round  834 (Div. 3)
1752,45th ICPC World Finals Challenge powered by Huawei - Problem 1
1751,45th ICPC World Finals Challenge powered by Huawei - Problem 2
1748,Codeforces Round 833 (Div. 2)
1755,Ecnerwala vs Errichto Kotlin Match
1750,"CodeTON Round 3 (Div. 1 + Div. 2, Rated, Prizes!)"
1747,Codeforces Round 832 (Div. 2)
1740,Codeforces Round 831 (Div. 1 + Div. 2)
1732,Codeforces Round 830 (Div. 2)
1753,Codeforces Round 829 (Div. 1)
1754,Codeforces Round 829 (Div. 2)
1749,Educational Codeforces Round 138 (Rated for Div. 2)
1743,Educational Codeforces Round 137 (Rated for Div. 2)
1744,Codeforces Round  828 (Div. 3)
1746,Codeforces Global Round 23
1742,Codeforces Round 827 (Div. 4)
1741,Codeforces Round 826 (Div. 3)
1736,Codeforces Round 825 (Div. 2)
1737,Dytechlab Cup 2022
1735,Codeforces Round 824 (Div. 2)
1738,Codeforces Global Round 22
1739,Educational Codeforces Round 136 (Rated for Div. 2)
1730,Codeforces Round 823 (Div. 2)
1734,Codeforces Round 822 (Div. 2)
1733,Codeforces Round 821 (Div. 2)
1723,ICPC 2022 Online Challenge powered by HUAWEI - Problem 1
1724,ICPC 2022 Online Challenge powered by HUAWEI - Problem 2
1729,Codeforces Round 820 (Div. 3)
1728,Educational Codeforces Round 135 (Rated for Div. 2)
1726,Codeforces Round 819 (Div. 1 + Div. 2) and Grimoire of Code Annual Contest 2022
1725,"COMPFEST 14 - Preliminary Online Mirror (Unrated, ICPC Rules, Teams Preferred)"
1717,Codeforces Round 818 (Div. 2)
1722,Codeforces Round 817 (Div. 4)
1721,Educational Codeforces Round 134 (Rated for Div. 2)
1715,Codeforces Round 816 (Div. 2)
1720,Codeforces Round 815 (Div. 2)
1718,Codeforces Round 814 (Div. 1)
1719,Codeforces Round 814 (Div. 2)
1712,Codeforces Round 813 (Div. 2)
1713,Codeforces Round 812 (Div. 2)
1716,Educational Codeforces Round 133 (Rated for Div. 2)
1714,Codeforces Round 811 (Div. 3)
1704,"CodeTON Round 2 (Div. 1 + Div. 2, Rated, Prizes!)"
1710,Codeforces Round 810 (Div. 1)
1711,Codeforces Round 810 (Div. 2)
1709,Educational Codeforces Round 132 (Rated for Div. 2)
1706,Codeforces Round 809 (Div. 2)
1707,Codeforces Round 808 (Div. 1)
1708,Codeforces Round 808 (Div. 2)
1705,Codeforces Round 807 (Div. 2)
1703,Codeforces Round 806 (Div. 4)
1702,Codeforces Round 805 (Div. 3)
1701,Educational Codeforces Round 131 (Rated for Div. 2)
1699,Codeforces Round 804 (Div. 2)
1698,Codeforces Round 803 (Div. 2)
1696,Codeforces Global Round 21
1700,Codeforces Round 802 (Div. 2)
1695,Codeforces Round 801 (Div. 2) and EPIC Institute of Technology Round
1693,Codeforces Round 800 (Div. 1)
1694,Codeforces Round 800 (Div. 2)
1692,Codeforces Round 799 (Div. 4)
1697,Educational Codeforces Round 130 (Rated for Div. 2)
1689,Codeforces Round 798 (Div. 2)
1690,Codeforces Round 797 (Div. 3)
1687,Codeforces Round 796 (Div. 1)
1688,Codeforces Round 796 (Div. 2)
1691,CodeCraft-22 and Codeforces Round 795 (Div. 2)
1685,Codeforces Round 794 (Div. 1)
1686,Codeforces Round 794 (Div. 2)
1681,Educational Codeforces Round 129 (Rated for Div. 2)
1682,Codeforces Round 793 (Div. 2)
1684,Codeforces Round 792 (Div. 1 + Div. 2)
1679,Codeforces Round 791 (Div. 2)
1680,Educational Codeforces Round 128 (Rated for Div. 2)
1676,Codeforces Round 790 (Div. 4)
1677,Codeforces Round 789 (Div. 1)
1678,Codeforces Round 789 (Div. 2)
1670,Codeforces Round 788 (Div. 2)
1675,Codeforces Round 787 (Div. 3)
1674,Codeforces Round 786 (Div. 3)
1673,Codeforces Round 785 (Div. 2)
1662,"SWERC 2021-2022 - Online Mirror (Unrated, ICPC Rules, Teams Preferred)"
1672,Codeforces Global Round 20
1671,Educational Codeforces Round 127 (Rated for Div. 2)
1669,Codeforces Round 784 (Div. 4)
1667,Codeforces Round 783 (Div. 1)
1668,Codeforces Round 783 (Div. 2)
1659,Codeforces Round 782 (Div. 2)
1666,"2021-2022 ICPC, NERC, Northern Eurasia Onsite (Unrated, Online Mirror, ICPC Rules, Teams Preferred)"
1661,Educational Codeforces Round 126 (Rated for Div. 2)
1665,Codeforces Round 781 (Div. 2)
1663,April Fools Day Contest 2022
1660,Codeforces Round 780 (Div. 3)
1658,Codeforces Round 779 (Div. 2)
1656,"CodeTON Round 1 (Div. 1 + Div. 2, Rated, Prizes!)"
1657,Educational Codeforces Round 125 (Rated for Div. 2)
1654,"Codeforces Round 778 (Div. 1 + Div. 2, based on Technocup 2022 Final Round)"
1652,Технокубок 2022 - Финал
1647,Codeforces Round 777 (Div. 2)
1651,Educational Codeforces Round 124 (Rated for Div. 2)
1650,Codeforces Round 776 (Div. 3)
1648,"Codeforces Round 775 (Div. 1, based on Moscow Open Olympiad in Informatics)"
1649,"Codeforces Round 775 (Div. 2, based on Moscow Open Olympiad in Informatics)"
1646,Codeforces Round 774 (Div. 2)
1641,Codeforces Round 773 (Div. 1)
1642,Codeforces Round 773 (Div. 2)
1644,Educational Codeforces Round 123 (Rated for Div. 2)
1635,Codeforces Round 772 (Div. 2)
1638,Codeforces Round 771 (Div. 2)
1637,Codeforces Global Round 19
1634,Codeforces Round 770 (Div. 2)
1639,Pinely Treasure Hunt Contest
1633,Educational Codeforces Round 122 (Rated for Div. 2)
1632,Codeforces Round 769 (Div. 2)
1630,Codeforces Round 768 (Div. 1)
1631,Codeforces Round 768 (Div. 2)
1628,Codeforces Round 767 (Div. 1)
1629,Codeforces Round 767 (Div. 2)
1626,Educational Codeforces Round 121 (Rated for Div. 2)
1627,Codeforces Round 766 (Div. 2)
1625,Codeforces Round 765 (Div. 2)
1624,Codeforces Round 764 (Div. 3)
1621,Hello 2022
1616,Good Bye 2021: 2022 is NEAR
1623,Codeforces Round 763 (Div. 2)
1622,Educational Codeforces Round 120 (Rated for Div. 2)
1615,Codeforces Global Round 18
1619,Codeforces Round 762 (Div. 3)
1620,Educational Codeforces Round 119 (Rated for Div. 2)
1617,Codeforces Round 761 (Div. 2)
1618,Codeforces Round 760 (Div. 3)
1591,"Codeforces Round 759 (Div. 2, based on Technocup 2022 Elimination Round 3)"
1585,Technocup 2022 - Elimination Round 3
1608,Codeforces Round 758 (Div.1 + Div. 2)
1597,Технокубок 2022 - Ознакомительный Раунд 3
1613,Educational Codeforces Round 118 (Rated for Div. 2)
1609,"Deltix Round, Autumn 2021 (open for everyone, rated, Div. 1 + Div. 2)"
1614,Codeforces Round 757 (Div. 2)
1611,Codeforces Round 756 (Div. 3)
1610,Codeforces Global Round 17
1612,Educational Codeforces Round 117 (Rated for Div. 2)
1588,"Codeforces Round 755 (Div. 1, based on Technocup 2022 Elimination Round 2)"
1589,"Codeforces Round 755 (Div. 2, based on Technocup 2022 Elimination Round 2)"
1584,Technocup 2022 - Elimination Round 2
1605,Codeforces Round 754 (Div. 2)
1596,Технокубок 2022 - Ознакомительный Раунд 2
1607,Codeforces Round 753 (Div. 3)
1603,Codeforces Round 752 (Div. 1)
1604,Codeforces Round 752 (Div. 2)
1606,Educational Codeforces Round 116 (Rated for Div. 2)
1601,Codeforces Round 751 (Div. 1)
1602,Codeforces Round 751 (Div. 2)
1582,Codeforces Round 750 (Div. 2)
1586,"Codeforces Round 749 (Div. 1 + Div. 2, based on Technocup 2022 Elimination Round 1)"
1583,Technocup 2022 - Elimination Round 1
1595,Технокубок 2022 - Ознакомительный Раунд 1
1593,Codeforces Round 748 (Div. 3)
1598,Educational Codeforces Round 115 (Rated for Div. 2)
1599,"Bubble Cup 14 - Finals Online Mirror (Unrated, ICPC Rules, Teams Preferred, Div. 1)"
1600,"Bubble Cup 14 - Finals Online Mirror (Unrated, ICPC Rules, Teams Preferred, Div. 2)"
1576,2021 ICPC Communication Routing Challenge: Marathon
1594,Codeforces Round 747 (Div. 2)
1571,Kotlin Heroes: Episode 8
1592,Codeforces Round 746 (Div. 2)
1575,"COMPFEST 13 - Finals Online Mirror (Unrated, ICPC Rules, Teams Preferred)"
1570,Kotlin Heroes: Practice 8
1578,"ICPC WF Moscow Invitational Contest - Online Mirror (Unrated, ICPC Rules, Teams Preferred)"
1580,Codeforces Round 745 (Div. 1)
1581,Codeforces Round 745 (Div. 2)
1579,Codeforces Round 744 (Div. 3)
1574,Educational Codeforces Round 114 (Rated for Div. 2)
1572,Codeforces Round 743 (Div. 1)
1573,Codeforces Round 743 (Div. 2)
1566,Codeforces Global Round 16
1569,Educational Codeforces Round 113 (Rated for Div. 2)
1567,Codeforces Round 742 (Div. 2)
1556,"Deltix Round, Summer 2021 (open for everyone, rated, Div. 1 + Div. 2)"
1562,Codeforces Round 741 (Div. 2)
1558,"Codeforces Round 740 (Div. 1, based on VK Cup 2021 - Final (Engine))"
1561,"Codeforces Round 740 (Div. 2, based on VK Cup 2021 - Final (Engine))"
1563,VK Cup 2021 - Final (Engine)
1560,Codeforces Round 739 (Div. 3)
1559,Codeforces Round 738 (Div. 2)
1557,Codeforces Round 737 (Div. 2)
1548,Codeforces Round 736 (Div. 1)
1549,Codeforces Round 736 (Div. 2)
1555,Educational Codeforces Round 112 (Rated for Div. 2)
1554,Codeforces Round 735 (Div. 2)
1552,Codeforces Global Round 15
1551,Codeforces Round 734 (Div. 3)
1553,"Harbour.Space Scholarship Contest 2021-2022 (open for everyone, rated, Div. 1 + Div. 2)"
1530,"Codeforces Round 733 (Div. 1 + Div. 2, based on VK Cup 2021 - Elimination (Engine))"
1544,VK Cup 2021 - Elimination (Engine)
1550,Educational Codeforces Round 111 (Rated for Div. 2)
1545,Codeforces Round 732 (Div. 1)
1546,Codeforces Round 732 (Div. 2)
1547,Codeforces Round 731 (Div. 3)
1543,Codeforces Round 730 (Div. 2)
1542,Codeforces Round 729 (Div. 2)
1533,Kotlin Heroes: Episode 7
1540,Codeforces Round 728 (Div. 1)
1541,Codeforces Round 728 (Div. 2)
1532,Kotlin Heroes: Practice 7
1539,Codeforces Round 727 (Div. 2)
1537,Codeforces Round 726 (Div. 2)
1534,Codeforces LATOKEN Round 1 (Div. 1 + Div. 2)
1538,Codeforces Round 725 (Div. 3)
1536,Codeforces Round 724 (Div. 2)
1535,Educational Codeforces Round 110 (Rated for Div. 2)
1523,"Deltix Round, Spring 2021 (open for everyone, rated, Div. 1 + Div. 2)"
1526,Codeforces Round 723 (Div. 2)
1524,ICPC Challenge 2021: Marathon (powered by Huawei)
1528,Codeforces Round 722 (Div. 1)
1529,Codeforces Round 722 (Div. 2)
1531,VK Cup 2021 - Квалификация (Engine)
1527,Codeforces Round 721 (Div. 2)
1522,Codeforces Raif ML Round 1
1525,Educational Codeforces Round 109 (Rated for Div. 2)
1521,Codeforces Round 720 (Div. 2)
1520,Codeforces Round 719 (Div. 3)
1515,Codeforces Global Round 14
1519,Educational Codeforces Round 108 (Rated for Div. 2)
1517,Contest 2050 and Codeforces Round 718 (Div. 1 + Div. 2)
1516,Codeforces Round 717 (Div. 2)
1514,Codeforces Round 716 (Div. 2)
1508,Codeforces Round 715 (Div. 1)
1509,Codeforces Round 715 (Div. 2)
1511,Educational Codeforces Round 107 (Rated for Div. 2)
1513,Divide by Zero 2021 and Codeforces Round 714 (Div. 2)
1512,Codeforces Round 713 (Div. 3)
1510,"2020-2021 ICPC, NERC, Northern Eurasia Onsite (Unrated, Online Mirror, ICPC Rules, Teams Preferred)"
1503,Codeforces Round 712 (Div. 1)
1504,Codeforces Round 712 (Div. 2)
1505,April Fools Day Contest 2021
1498,CodeCraft-21 and Codeforces Round 711 (Div. 2)
1506,Codeforces Round 710 (Div. 3)
1483,"Codeforces Round 709 (Div. 1, based on Technocup 2021 Final Round)"
1484,"Codeforces Round 709 (Div. 2, based on Technocup 2021 Final Round)"
1482,Технокубок 2021 - Финал
1499,Educational Codeforces Round 106 (Rated for Div. 2)
1497,Codeforces Round 708 (Div. 2)
1500,"Codeforces Round 707 (Div. 1, based on Moscow Open Olympiad in Informatics)"
1501,"Codeforces Round 707 (Div. 2, based on Moscow Open Olympiad in Informatics)"
1495,Codeforces Round 706 (Div. 1)
1496,Codeforces Round 706 (Div. 2)
1488,Kotlin Heroes: Episode 6
1493,Codeforces Round 705 (Div. 2)
1494,Educational Codeforces Round 105 (Rated for Div. 2)
1489,Kotlin Heroes: Practice 6
1491,Codeforces Global Round 13
1492,Codeforces Round 704 (Div. 2)
1486,Codeforces Round 703 (Div. 2)
1490,Codeforces Round 702 (Div. 3)
1487,Educational Codeforces Round 104 (Rated for Div. 2)
1485,Codeforces Round 701 (Div. 2)
1479,Codeforces Round 700 (Div. 1)
1480,Codeforces Round 700 (Div. 2)
1481,Codeforces Round 699 (Div. 2)
1476,Educational Codeforces Round 103 (Rated for Div. 2)
1477,Codeforces Round 698 (Div. 1)
1478,Codeforces Round 698 (Div. 2)
1475,Codeforces Round 697 (Div. 3)
1474,Codeforces Round 696 (Div. 2)
1473,Educational Codeforces Round 102 (Rated for Div. 2)
1467,Codeforces Round 695 (Div. 2)
1470,Codeforces Round 694 (Div. 1)
1471,Codeforces Round 694 (Div. 2)
1472,Codeforces Round 693 (Div. 3)
1466,Good Bye 2020
1469,Educational Codeforces Round 101 (Rated for Div. 2)
1468,"2020-2021 ICPC, NERC, Southern and Volga Russian Regional Contest (Online Mirror, ICPC Rules)"
1464,"Codeforces Round 692 (Div. 1, based on Technocup 2021 Elimination Round 3)"
1465,"Codeforces Round 692 (Div. 2, based on Technocup 2021 Elimination Round 3)"
1411,Technocup 2021 - Elimination Round 3
1458,Codeforces Round 691 (Div. 1)
1459,Codeforces Round 691 (Div. 2)
1410,Технокубок 2021 - Ознакомительный Раунд 3
1463,Educational Codeforces Round 100 (Rated for Div. 2)
1462,Codeforces Round 690 (Div. 3)
1460,NERC Challenge 2020: Marathon
1461,"Codeforces Round 689 (Div. 2, based on Zed Code Competition)"
1450,Codeforces Global Round 12
1453,Codeforces Round 688 (Div. 2)
1455,Educational Codeforces Round 99 (Rated for Div. 2)
1456,"Codeforces Round 687 (Div. 1, based on Technocup 2021 Elimination Round 2)"
1457,"Codeforces Round 687 (Div. 2, based on Technocup 2021 Elimination Round 2)"
1415,Technocup 2021 - Elimination Round 2
1414,Технокубок 2021 - Ознакомительный Раунд 2
1454,Codeforces Round 686 (Div. 3)
1451,Codeforces Round 685 (Div. 2)
1452,Educational Codeforces Round 98 (Rated for Div. 2)
1439,Codeforces Round 684 (Div. 1)
1440,Codeforces Round 684 (Div. 2)
1446,"Codeforces Round 683 (Div. 1, by Meet IT)"
1447,"Codeforces Round 683 (Div. 2, by Meet IT)"
1438,Codeforces Round 682 (Div. 2)
1431,Kotlin Heroes 5: ICPC Round
1432,Kotlin Heroes 5: ICPC Round (Practice)
1442,"Codeforces Round 681 (Div. 1, based on VK Cup 2019-2020 - Final)"
1443,"Codeforces Round 681 (Div. 2, based on VK Cup 2019-2020 - Final)"
1441,VK Cup 2019-2020 - Final Round (Engine)
1444,"Codeforces Round 680 (Div. 1, based on Moscow Team Olympiad)"
1445,"Codeforces Round 680 (Div. 2, based on Moscow Team Olympiad)"
1437,Educational Codeforces Round 97 (Rated for Div. 2)
1434,"Codeforces Round 679 (Div. 1, based on Technocup 2021 Elimination Round 1)"
1435,"Codeforces Round 679 (Div. 2, based on Technocup 2021 Elimination Round 1)"
1413,Technocup 2021 - Elimination Round 1
1436,Codeforces Round 678 (Div. 2)
1412,Технокубок 2021 - Ознакомительный Раунд 1
1433,Codeforces Round 677 (Div. 3)
1421,Codeforces Round 676 (Div. 2)
1428,Codeforces Raif Round 1 (Div. 1 + Div. 2)
1430,Educational Codeforces Round 96 (Rated for Div. 2)
1427,Codeforces Global Round 11
1423,"Bubble Cup 13 - Finals [Online Mirror, unrated, Div. 1]"
1424,"Bubble Cup 13 - Finals [Online Mirror, unrated, Div. 2]"
1422,Codeforces Round 675 (Div. 2)
1408,Grakn Forces 2020
1426,Codeforces Round 674 (Div. 3)
1416,Codeforces Round 673 (Div. 1)
1417,Codeforces Round 673 (Div. 2)
1425,"2020 ICPC, COMPFEST 12, Indonesia Multi-Provincial Contest (Unrated, Online Mirror, ICPC Rules, Teams Preferred)"
1420,Codeforces Round 672 (Div. 2)
1419,Codeforces Round 671 (Div. 2)
1418,Educational Codeforces Round 95 (Rated for Div. 2)
1406,Codeforces Round 670 (Div. 2)
1407,Codeforces Round 669 (Div. 2)
1404,Codeforces Round 668 (Div. 1)
1405,Codeforces Round 668 (Div. 2)
1409,Codeforces Round 667 (Div. 3)
1396,Codeforces Round 666 (Div. 1)
1397,Codeforces Round 666 (Div. 2)
1403,"Central-European Olympiad in Informatics, CEOI 2020, Day 2 (IOI, Unofficial Mirror Contest, Unrated)"
1402,"Central-European Olympiad in Informatics, CEOI 2020, Day 1 (IOI, Unofficial Mirror Contest, Unrated)"
1400,Educational Codeforces Round 94 (Rated for Div. 2)
1401,Codeforces Round 665 (Div. 2)
1392,Codeforces Global Round 10
1398,Educational Codeforces Round 93 (Rated for Div. 2)
1394,Codeforces Round 664 (Div. 1)
1395,Codeforces Round 664 (Div. 2)
1391,Codeforces Round 663 (Div. 2)
1393,Codeforces Round 662 (Div. 2)
1399,Codeforces Round 661 (Div. 3)
1388,Codeforces Round 660 (Div. 2)
1389,Educational Codeforces Round 92 (Rated for Div. 2)
1383,Codeforces Round 659 (Div. 1)
1384,Codeforces Round 659 (Div. 2)
1387,"Baltic Olympiad in Informatics 2020, Day 2 (IOI, Unofficial Mirror Contest, Unrated)"
1386,"Baltic Olympiad in Informatics 2020, Day 1 (IOI, Unofficial Mirror Contest, Unrated)"
1381,Codeforces Round 658 (Div. 1)
1382,Codeforces Round 658 (Div. 2)
1379,Codeforces Round 657 (Div. 2)
1385,Codeforces Round 656 (Div. 3)
1380,Educational Codeforces Round 91 (Rated for Div. 2)
1372,Codeforces Round 655 (Div. 2)
1375,Codeforces Global Round 9
1371,Codeforces Round 654 (Div. 2)
1374,Codeforces Round 653 (Div. 3)
1378,ICPC Challenge 2020: Marathon
1377,ICPC Challenge 2020
1373,Educational Codeforces Round 90 (Rated for Div. 2)
1376,ICPC Challenge 2020: Practice
1369,Codeforces Round 652 (Div. 2)
1370,Codeforces Round 651 (Div. 2)
1357,Microsoft Q# Coding Contest - Summer 2020
1368,Codeforces Global Round 8
1367,Codeforces Round 650 (Div. 3)
1364,Codeforces Round 649 (Div. 2)
1356,Microsoft Q# Coding Contest - Summer 2020 - Warmup
1366,Educational Codeforces Round 89 (Rated for Div. 2)
1365,Codeforces Round 648 (Div. 2)
1361,"Codeforces Round 647 (Div. 1) - Thanks, Algo Muse!"
1362,"Codeforces Round 647 (Div. 2) - Thanks, Algo Muse!"
1363,Codeforces Round 646 (Div. 2)
1346,Kotlin Heroes: Episode 4
1359,Educational Codeforces Round 88 (Rated for Div. 2)
1358,Codeforces Round 645 (Div. 2)
1360,Codeforces Round 644 (Div. 3)
1347,Kotlin Heroes: Practice 4
1354,Educational Codeforces Round 87 (Rated for Div. 2)
1355,Codeforces Round 643 (Div. 2)
1353,Codeforces Round 642 (Div. 3)
1349,Codeforces Round 641 (Div. 1)
1350,Codeforces Round 641 (Div. 2)
1352,Codeforces Round 640 (Div. 4)
1351,Testing Round 16 (Unrated)
1344,Codeforces Round 639 (Div. 1)
1345,Codeforces Round 639 (Div. 2)
1348,Codeforces Round 638 (Div. 2)
1342,Educational Codeforces Round 86 (Rated for Div. 2)
1340,"Codeforces Round 637 (Div. 1) - Thanks, Ivan Belonogov!"
1341,"Codeforces Round 637 (Div. 2) - Thanks, Ivan Belonogov!"
1343,Codeforces Round 636 (Div. 3)
1336,Codeforces Round 635 (Div. 1)
1337,Codeforces Round 635 (Div. 2)
1335,Codeforces Round 634 (Div. 3)
1338,Codeforces Round 633 (Div. 1)
1339,Codeforces Round 633 (Div. 2)
1334,Educational Codeforces Round 85 (Rated for Div. 2)
1333,Codeforces Round 632 (Div. 2)
1329,"Codeforces Round 631 (Div. 1) - Thanks, Denis aramis Shitov!"
1330,"Codeforces Round 631 (Div. 2) - Thanks, Denis aramis Shitov!"
1331,April Fools Day Contest 2020
1332,Codeforces Round 630 (Div. 2)
1328,Codeforces Round 629 (Div. 3)
1327,Educational Codeforces Round 84 (Rated for Div. 2)
1326,Codeforces Global Round 7
1325,Codeforces Round 628 (Div. 2)
1324,Codeforces Round 627 (Div. 3)
1312,Educational Codeforces Round 83 (Rated for Div. 2)
1322,"Codeforces Round 626 (Div. 1, based on Moscow Open Olympiad in Informatics)"
1323,"Codeforces Round 626 (Div. 2, based on Moscow Open Olympiad in Informatics)"
1316,CodeCraft-20 (Div. 2)
1305,"Ozon Tech Challenge 2020 (Div.1 + Div.2, Rated, T-shirts + prizes!)"
1320,"Codeforces Round 625 (Div. 1, based on Technocup 2020 Final Round)"
1321,"Codeforces Round 625 (Div. 2, based on Technocup 2020 Final Round)"
1319,Технокубок 2020 - Финал
1297,Kotlin Heroes: Episode 3
1311,Codeforces Round 624 (Div. 3)
1314,"Codeforces Round 623 (Div. 1, based on VK Cup 2019-2020 - Elimination Round, Engine)"
1315,"Codeforces Round 623 (Div. 2, based on VK Cup 2019-2020 - Elimination Round, Engine)"
1310,VK Cup 2019-2020 - Elimination Round (Engine)
1313,Codeforces Round 622 (Div. 2)
1298,Kotlin Heroes: Practice 3
1307,Codeforces Round 621 (Div. 1 + Div. 2)
1304,Codeforces Round 620 (Div. 2)
1308,VK Cup 2019-2020 - Отборочный раунд (Design)
1309,VK Cup 2019-2020 - Отборочный раунд (Mobile)
1301,Codeforces Round 619 (Div. 2)
1303,Educational Codeforces Round 82 (Rated for Div. 2)
1299,Codeforces Round 618 (Div. 1)
1300,Codeforces Round 618 (Div. 2)
1296,Codeforces Round 617 (Div. 3)
1302,"AIM Tech Poorly Prepared Contest (unrated, funny, Div. 1 preferred)"
1290,Codeforces Round 616 (Div. 1)
1291,Codeforces Round 616 (Div. 2)
1295,Educational Codeforces Round 81 (Rated for Div. 2)
1294,Codeforces Round 615 (Div. 3)
1292,Codeforces Round 614 (Div. 1)
1293,Codeforces Round 614 (Div. 2)
1288,Educational Codeforces Round 80 (Rated for Div. 2)
1285,Codeforces Round 613 (Div. 2)
1286,Codeforces Round 612 (Div. 1)
1287,Codeforces Round 612 (Div. 2)
1284,Hello 2020
1270,Good Bye 2019
1283,Codeforces Round 611 (Div. 3)
1279,Educational Codeforces Round 79 (Rated for Div. 2)
1282,Codeforces Round 610 (Div. 2)
1268,Codeforces Round 609 (Div. 1)
1269,Codeforces Round 609 (Div. 2)
1278,Educational Codeforces Round 78 (Rated for Div. 2)
1266,Codeforces Global Round 6
1271,Codeforces Round 608 (Div. 2)
1280,Codeforces Round 607 (Div. 1)
1281,Codeforces Round 607 (Div. 2)
1276,"Codeforces Round 606 (Div. 1, based on Technocup 2020 Elimination Round 4)"
1277,"Codeforces Round 606 (Div. 2, based on Technocup 2020 Elimination Round 4)"
1259,Technocup 2020 - Elimination Round 4
1272,Codeforces Round 605 (Div. 3)
1258,Технокубок 2020 - Ознакомительный Раунд 4
1273,VK Cup 2019 - Квалификация (Design)
1275,VK Cup 2019 - Квалификация (Engine)
1274,VK Cup 2019 - Квалификация (Mobile)
1264,Codeforces Round 604 (Div. 1)
1265,Codeforces Round 604 (Div. 2)
1267,"2019-2020 ICPC, NERC, Northern Eurasia Finals (Unrated, Online Mirror, ICPC Rules, Teams Preferred)"
1263,Codeforces Round 603 (Div. 2)
1260,Educational Codeforces Round 77 (Rated for Div. 2)
1261,"Codeforces Round 602 (Div. 1, based on Technocup 2020 Elimination Round 3)"
1262,"Codeforces Round 602 (Div. 2, based on Technocup 2020 Elimination Round 3)"
1227,Technocup 2020 - Elimination Round 3
1226,Технокубок 2020 - Ознакомительный Раунд 3
1254,Codeforces Round 601 (Div. 1)
1255,Codeforces Round 601 (Div. 2)
1253,Codeforces Round 600 (Div. 2)
1257,Educational Codeforces Round 76 (Rated for Div. 2)
1242,Codeforces Round 599 (Div. 1)
1243,Codeforces Round 599 (Div. 2)
1256,Codeforces Round 598 (Div. 3)
1245,Codeforces Round 597 (Div. 2)
1250,"2019-2020 ICPC, NERC, Southern and Volga Russian Regional Contest (Online Mirror, ICPC Rules, Teams Preferred)"
1252,"2019-2020 ICPC, Asia Jakarta Regional Contest (Online Mirror, ICPC Rules, Teams Preferred)"
1246,"Codeforces Round 596 (Div. 1, based on Technocup 2020 Elimination Round 2)"
1247,"Codeforces Round 596 (Div. 2, based on Technocup 2020 Elimination Round 2)"
1225,Technocup 2020 - Elimination Round 2
1251,Educational Codeforces Round 75 (Rated for Div. 2)
1224,Технокубок 2020 - Ознакомительный Раунд 2
1249,Codeforces Round 595 (Div. 3)
1239,Codeforces Round 594 (Div. 1)
1248,Codeforces Round 594 (Div. 2)
1236,Codeforces Round 593 (Div. 2)
1237,Codeforces Global Round 5
1244,Codeforces Round 592 (Div. 2)
1238,Educational Codeforces Round 74 (Rated for Div. 2)
1240,"Codeforces Round 591 (Div. 1, based on Technocup 2020 Elimination Round 1)"
1241,"Codeforces Round 591 (Div. 2, based on Technocup 2020 Elimination Round 1)"
1223,Technocup 2020 - Elimination Round 1
1222,Технокубок 2020 - Ознакомительный Раунд 1
1234,Codeforces Round 590 (Div. 3)
1235,Huawei Honorcup Marathon 2
1228,Codeforces Round 589 (Div. 2)
1229,Codeforces Round 588 (Div. 1)
1230,Codeforces Round 588 (Div. 2)
1231,Dasha Code Championship - Novosibirsk Finals Round (only for onsite-finalists)
1210,Dasha Code Championship - SPb Finals Round (only for onsite-finalists)
1216,Codeforces Round 587 (Div. 3)
1221,Educational Codeforces Round 73 (Rated for Div. 2)
1220,Codeforces Round 586 (Div. 1 + Div. 2)
1218,"Bubble Cup 12 - Finals [Online Mirror, unrated, Div. 1]"
1219,"Bubble Cup 12 - Finals [Online Mirror, unrated, Div. 2]"
1215,Codeforces Round 585 (Div. 2)
1209,"Codeforces Round 584 - Dasha Code Championship - Elimination Round (rated, open for everyone, Div. 1 + Div. 2)"
1211,Kotlin Heroes: Episode 2
1217,Educational Codeforces Round 72 (Rated for Div. 2)
1214,"Codeforces Round 583 (Div. 1 + Div. 2, based on Olympiad of Metropolises)"
1212,Kotlin Heroes: Practice 2
1213,Codeforces Round 582 (Div. 3)
1208,"Manthan, Codefest 19 (open for everyone, rated, Div. 1 + Div. 2)"
1207,Educational Codeforces Round 71 (Rated for Div. 2)
1204,Codeforces Round 581 (Div. 2)
1205,Codeforces Round 580 (Div. 1)
1206,Codeforces Round 580 (Div. 2)
1203,Codeforces Round 579 (Div. 3)
1200,Codeforces Round 578 (Div. 2)
1202,Educational Codeforces Round 70 (Rated for Div. 2)
1201,Codeforces Round 577 (Div. 2)
1198,Codeforces Round 576 (Div. 1)
1199,Codeforces Round 576 (Div. 2)
1193,"CEOI 2019 day 2 online mirror (unrated, IOI format)"
1192,"CEOI 2019 day 1 online mirror (unrated, IOI format)"
1196,Codeforces Round 575 (Div. 3)
1197,Educational Codeforces Round 69 (Rated for Div. 2)
1178,Codeforces Global Round 4
1195,Codeforces Round 574 (Div. 2)
1194,Educational Codeforces Round 68 (Rated for Div. 2)
1190,Codeforces Round 573 (Div. 1)
1191,Codeforces Round 573 (Div. 2)
1184,"Helvetic Coding Contest 2019 online mirror (teams allowed, unrated)"
1188,Codeforces Round 572 (Div. 1)
1189,Codeforces Round 572 (Div. 2)
1187,Educational Codeforces Round 67 (Rated for Div. 2)
1186,Codeforces Round 571 (Div. 2)
1183,Codeforces Round 570 (Div. 3)
1179,Codeforces Round 569 (Div. 1)
1180,Codeforces Round 569 (Div. 2)
1185,Codeforces Round 568 (Div. 2)
1181,Codeforces Round 567 (Div. 2)
1182,Codeforces Round 566 (Div. 2)
1176,Codeforces Round 565 (Div. 3)
1172,Codeforces Round 564 (Div. 1)
1173,Codeforces Round 564 (Div. 2)
1175,Educational Codeforces Round 66 (Rated for Div. 2)
1174,Codeforces Round 563 (Div. 2)
1148,Codeforces Global Round 3
1177,Testing Round 15 (Unrated)
1170,Kotlin Heroes: Episode 1
1168,Codeforces Round 562 (Div. 1)
1169,Codeforces Round 562 (Div. 2)
1171,Kotlin Heroes: Practice 1
1166,Codeforces Round 561 (Div. 2)
1167,Educational Codeforces Round 65 (Rated for Div. 2)
1165,Codeforces Round 560 (Div. 3)
1158,Codeforces Round 559 (Div. 1)
1159,Codeforces Round 559 (Div. 2)
1163,Codeforces Round 558 (Div. 2)
1164,"Mathforces: Tech Scouts Online Test 2018 (just fun and practice, unofficial, unrated)"
1161,Codeforces Round 557 (Div. 1) [based on Forethought Future Cup - Final Round]
1162,Codeforces Round 557 (Div. 2) [based on Forethought Future Cup - Final Round]
1147,Forethought Future Cup - Final Round (Onsite Finalists Only)
1156,Educational Codeforces Round 64 (Rated for Div. 2)
1160,VRt Contest 2019 (marathon)
1149,Codeforces Round 556 (Div. 1)
1150,Codeforces Round 556 (Div. 2)
1157,Codeforces Round 555 (Div. 3)
1152,Codeforces Round 554 (Div. 2)
1155,Educational Codeforces Round 63 (Rated for Div. 2)
1146,Forethought Future Cup - Elimination Round
1151,Codeforces Round 553 (Div. 2)
1154,Codeforces Round 552 (Div. 3)
1153,Codeforces Round 551 (Div. 2)
1119,Codeforces Global Round 2
1145,April Fools Day Contest 2019
1144,Codeforces Round 550 (Div. 3)
1142,Codeforces Round 549 (Div. 1)
1143,Codeforces Round 549 (Div. 2)
1140,Educational Codeforces Round 62 (Rated for Div. 2)
1139,Codeforces Round 548 (Div. 2)
1141,Codeforces Round 547 (Div. 3)
1136,Codeforces Round 546 (Div. 2)
1137,Codeforces Round 545 (Div. 1)
1138,Codeforces Round 545 (Div. 2)
1133,Codeforces Round 544 (Div. 3)
1132,Educational Codeforces Round 61 (Rated for Div. 2)
1120,"Codeforces Round 543 (Div. 1, based on Technocup 2019 Final Round)"
1121,"Codeforces Round 543 (Div. 2, based on Technocup 2019 Final Round)"
1112,Technocup 2019 - Final
1116,Microsoft Q# Coding Contest - Winter 2019
1129,Codeforces Round 542 [Alex Lopashev Thanks-Round] (Div. 1)
1130,Codeforces Round 542 [Alex Lopashev Thanks-Round] (Div. 2)
1131,Codeforces Round 541 (Div. 2)
1115,Microsoft Q# Coding Contest - Winter 2019 - Warmup
1118,Codeforces Round 540 (Div. 3)
1117,Educational Codeforces Round 60 (Rated for Div. 2)
1109,Codeforces Round 539 (Div. 1)
1113,Codeforces Round 539 (Div. 2)
1114,Codeforces Round 538 (Div. 2)
1110,Codeforces Global Round 1
1111,CodeCraft-19 and Codeforces Round 537 (Div. 2)
1106,Codeforces Round 536 (Div. 2)
1107,Educational Codeforces Round 59 (Rated for Div. 2)
1108,Codeforces Round 535 (Div. 3)
1103,Codeforces Round 534 (Div. 1)
1104,Codeforces Round 534 (Div. 2)
1105,Codeforces Round 533 (Div. 2)
1100,Codeforces Round 532 (Div. 2)
1101,Educational Codeforces Round 58 (Rated for Div. 2)
1102,Codeforces Round 531 (Div. 3)
1098,Codeforces Round 530 (Div. 1)
1099,Codeforces Round 530 (Div. 2)
1097,Hello 2019
1091,Good Bye 2018
1096,Educational Codeforces Round 57 (Rated for Div. 2)
1095,Codeforces Round 529 (Div. 3)
1086,"Codeforces Round 528 (Div. 1, based on Technocup 2019 Elimination Round 4)"
1087,"Codeforces Round 528 (Div. 2, based on Technocup 2019 Elimination Round 4)"
1085,Technocup 2019 - Elimination Round 4
1094,Технокубок 2019 - Ознакомительный Раунд 4
1092,Codeforces Round 527 (Div. 3)
1081,Avito Cool Challenge 2018
1093,Educational Codeforces Round 56 (Rated for Div. 2)
1083,Codeforces Round 526 (Div. 1)
1084,Codeforces Round 526 (Div. 2)
1090,"2018-2019 Russia Open High School Programming Contest (Unrated, Online Mirror, ICPC Rules, Teams Preferred)"
1088,Codeforces Round 525 (Div. 2)
1089,"2018-2019 ICPC, NEERC, Northern Eurasia Finals (Unrated, Online Mirror, ICPC Rules, Teams Preferred)"
1082,Educational Codeforces Round 55 (Rated for Div. 2)
1056,Mail.Ru Cup 2018 Round 3
1080,Codeforces Round 524 (Div. 2)
1061,Codeforces Round 523 (Div. 2)
1078,"Codeforces Round 522 (Div. 1, based on Technocup 2019 Elimination Round 3)"
1079,"Codeforces Round 522 (Div. 2, based on Technocup 2019 Elimination Round 3)"
1032,Technocup 2019 - Elimination Round 3
1050,Технокубок 2019 - Ознакомительный Раунд 3
1077,Codeforces Round 521 (Div. 3)
1062,Codeforces Round 520 (Div. 2)
1076,Educational Codeforces Round 54 (Rated for Div. 2)
1055,Mail.Ru Cup 2018 Round 2
1044,Lyft Level 5 Challenge 2018 - Final Round
1074,Lyft Level 5 Challenge 2018 - Final Round (Open Div. 1)
1075,Lyft Level 5 Challenge 2018 - Final Round (Open Div. 2)
1043,Codeforces Round 519 by Botan Investments
1073,Educational Codeforces Round 53 (Rated for Div. 2)
1067,"Codeforces Round 518 (Div. 1) [Thanks, Mail.Ru!]"
1068,"Codeforces Round 518 (Div. 2) [Thanks, Mail.Ru!]"
1071,"Codeforces Round 517 (Div. 1, based on Technocup 2019 Elimination Round 2)"
1072,"Codeforces Round 517 (Div. 2, based on Technocup 2019 Elimination Round 2)"
1031,Technocup 2019 - Elimination Round 2
1070,"2018-2019 ICPC, NEERC, Southern Subregional Contest (Online Mirror, ACM-ICPC Rules, Teams Preferred)"
1049,Технокубок 2019 - Ознакомительный Раунд 2
1054,Mail.Ru Cup 2018 Round 1
1063,"Codeforces Round 516 (Div. 1, by Moscow Team Olympiad)"
1064,"Codeforces Round 516 (Div. 2, by Moscow Team Olympiad)"
1066,Codeforces Round 515 (Div. 3)
1057,Mail.Ru Cup 2018 - Practice Round
1065,Educational Codeforces Round 52 (Rated for Div. 2)
1033,Lyft Level 5 Challenge 2018 - Elimination Round
1059,Codeforces Round 514 (Div. 2)
1060,"Codeforces Round 513 by Barcelona Bootcamp (rated, Div. 1 + Div. 2)"
1053,"Codeforces Round 512 (Div. 1, based on Technocup 2019 Elimination Round 1)"
1058,"Codeforces Round 512 (Div. 2, based on Technocup 2019 Elimination Round 1)"
1030,Technocup 2019 - Elimination Round 1
1045,"Bubble Cup 11 - Finals [Online Mirror, Div. 1]"
1046,"Bubble Cup 11 - Finals [Online Mirror, Div. 2]"
1034,Codeforces Round 511 (Div. 1)
1047,Codeforces Round 511 (Div. 2)
1048,Технокубок 2019 - Ознакомительный Раунд 1
1052,Huawei Honorcup Marathon 1
1051,Educational Codeforces Round 51 (Rated for Div. 2)
1042,Codeforces Round 510 (Div. 2)
1041,Codeforces Round 509 (Div. 2)
1036,Educational Codeforces Round 50 (Rated for Div. 2)
1038,Codeforces Round 508 (Div. 2)
1039,"Codeforces Round 507 (Div. 1, based on Olympiad of Metropolises)"
1040,"Codeforces Round 507 (Div. 2, based on Olympiad of Metropolises)"
1037,"Manthan, Codefest 18 (rated, Div. 1 + Div. 2)"
1028,"AIM Tech Round 5 (rated, Div. 1 + Div. 2)"
1029,Codeforces Round 506 (Div. 3)
1025,"Codeforces Round 505 (rated, Div. 1 + Div. 2, based on VK Cup 2018 Final)"
1027,Educational Codeforces Round 49 (Rated for Div. 2)
1023,"Codeforces Round 504 (rated, Div. 1 + Div. 2, based on VK Cup 2018 Final)"
951,VK Cup 2018 - Final
1019,"Codeforces Round 503 (by SIS, Div. 1)"
1020,"Codeforces Round 503 (by SIS, Div. 2)"
1017,"Codeforces Round 502 (in memory of Leopoldo Taravilse, Div. 1 + Div. 2)"
1016,Educational Codeforces Round 48 (Rated for Div. 2)
1015,Codeforces Round 501 (Div. 3)
1012,Codeforces Round 500 (Div. 1) [based on EJOI]
1013,Codeforces Round 500 (Div. 2) [based on EJOI]
1010,Codeforces Round 499 (Div. 1)
1011,Codeforces Round 499 (Div. 2)
1014,Codeforces Marathon Round 2
1006,Codeforces Round 498 (Div. 3)
1009,Educational Codeforces Round 47 (Rated for Div. 2)
1007,Codeforces Round 497 (Div. 1)
1008,Codeforces Round 497 (Div. 2)
1005,Codeforces Round 496 (Div. 3)
1002,Microsoft Q# Coding Contest - Summer 2018
1004,Codeforces Round 495 (Div. 2)
1003,Codeforces Round 494 (Div. 3)
997,Codeforces Round 493 (Div. 1)
998,Codeforces Round 493 (Div. 2)
1001,Microsoft Q# Coding Contest - Summer 2018 - Warmup
1000,Educational Codeforces Round 46 (Rated for Div. 2)
995,"Codeforces Round 492 (Div. 1) [Thanks, uDebug!]"
996,"Codeforces Round 492 (Div. 2) [Thanks, uDebug!]"
991,Codeforces Round 491 (Div. 2)
999,Codeforces Round 490 (Div. 3)
992,Codeforces Round 489 (Div. 2)
993,Codeforces Round 488 by NEAR (Div. 1)
994,Codeforces Round 488 by NEAR (Div. 2)
989,Codeforces Round 487 (Div. 2)
990,Educational Codeforces Round 45 (Rated for Div. 2)
988,Codeforces Round 486 (Div. 3)
986,Codeforces Round 485 (Div. 1)
987,Codeforces Round 485 (Div. 2)
981,Avito Code Challenge 2018
985,Educational Codeforces Round 44 (Rated for Div. 2)
982,Codeforces Round 484 (Div. 2)
983,"Codeforces Round 483 (Div. 1) [Thanks, Botan Investments and Victor Shaburov!]"
984,"Codeforces Round 483 (Div. 2) [Thanks, Botan Investments and Victor Shaburov!]"
979,Codeforces Round 482 (Div. 2)
978,Codeforces Round 481 (Div. 3)
980,Codeforces Round 480 (Div. 2)
977,Codeforces Round 479 (Div. 3)
975,Codeforces Round 478 (Div. 2)
976,Educational Codeforces Round 43 (Rated for Div. 2)
966,"Codeforces Round 477 (rated, Div. 1, based on VK Cup 2018 Round 3)"
967,"Codeforces Round 477 (rated, Div. 2, based on VK Cup 2018 Round 3)"
925,VK Cup 2018 - Round 3
965,"Codeforces Round 476 (Div. 2) [Thanks, Telegram!]"
927,VK Cup 2018 - Wild-card Round 2
963,Tinkoff Internship Warmup Round 2018 and Codeforces Round 475 (Div. 1)
964,Tinkoff Internship Warmup Round 2018 and Codeforces Round 475 (Div. 2)
958,"Helvetic Coding Contest 2018 online mirror (teams allowed, unrated)"
962,Educational Codeforces Round 42 (Rated for Div. 2)
960,"Divide by Zero 2018 and Codeforces Round 474 (Div. 1 + Div. 2, combined)"
961,Educational Codeforces Round 41 (Rated for Div. 2)
959,Codeforces Round 473 (Div. 2)
952,April Fools Contest 2018
956,"Codeforces Round 472 (rated, Div. 1, based on VK Cup 2018 Round 2)"
957,"Codeforces Round 472 (rated, Div. 2, based on VK Cup 2018 Round 2)"
924,VK Cup 2018 - Round 2
955,Codeforces Round 471 (Div. 2)
954,Educational Codeforces Round 40 (Rated for Div. 2)
926,VK Cup 2018 - Wild-card Round 1
953,VK Cup 2018 - Wild-card Round 1 (unofficial unrated mirror)
947,"Codeforces Round 470 (rated, Div. 1, based on VK Cup 2018 Round 1)"
948,"Codeforces Round 470 (rated, Div. 2, based on VK Cup 2018 Round 1)"
923,VK Cup 2018 - Round 1
949,Codeforces Round 469 (Div. 1)
950,Codeforces Round 469 (Div. 2)
946,Educational Codeforces Round 39 (Rated for Div. 2)
930,"Codeforces Round 468 (Div. 1, based on Technocup 2018 Final Round)"
931,"Codeforces Round 468 (Div. 2, based on Technocup 2018 Final Round)"
944,Технокубок 2018 - Финал (только для онсайт-финалистов)
929,VK Cup 2018 - Квалификация 2
936,Codeforces Round 467 (Div. 1)
937,Codeforces Round 467 (Div. 2)
928,VK Cup 2018 - Квалификация 1
940,Codeforces Round 466 (Div. 2)
935,Codeforces Round 465 (Div. 2)
939,Codeforces Round 464 (Div. 2)
938,Educational Codeforces Round 38 (Rated for Div. 2)
932,"ICM Technex 2018 and Codeforces Round 463 (Div. 1 + Div. 2, combined)"
933,Codeforces Round 462 (Div. 1)
934,Codeforces Round 462 (Div. 2)
922,Codeforces Round 461 (Div. 2)
920,Educational Codeforces Round 37 (Rated for Div. 2)
921,AIM Tech Mini Marathon 1
919,Codeforces Round 460 (Div. 2)
917,Codeforces Round 459 (Div. 1)
918,Codeforces Round 459 (Div. 2)
914,"Codecraft-18 and Codeforces Round 458 (Div. 1 + Div. 2, combined)"
916,Codeforces Round 457 (Div. 2)
915,Educational Codeforces Round 36 (Rated for Div. 2)
913,Hello 2018
912,Codeforces Round 456 (Div. 2)
908,Good Bye 2017
911,Educational Codeforces Round 35 (Rated for Div. 2)
909,Codeforces Round 455 (Div. 2)
904,Технокубок 2018 - Отборочный Раунд 4
906,"Codeforces Round 454 (Div. 1, based on Technocup 2018 Elimination Round 4)"
907,"Codeforces Round 454 (Div. 2, based on Technocup 2018 Elimination Round 4)"
910,Testing Round 14 (Unrated)
905,Технокубок 2018 - Ознакомительный Раунд 4
901,Codeforces Round 453 (Div. 1)
902,Codeforces Round 453 (Div. 2)
899,Codeforces Round 452 (Div. 2)
898,Codeforces Round 451 (Div. 2)
903,Educational Codeforces Round 34 (Rated for Div. 2)
900,Codeforces Round 450 (Div. 2)
896,Codeforces Round 449 (Div. 1)
897,Codeforces Round 449 (Div. 2)
895,Codeforces Round 448 (Div. 2)
893,Educational Codeforces Round 33 (Rated for Div. 2)
894,Codeforces Round 447 (Div. 2)
891,Codeforces Round 446 (Div. 1)
892,Codeforces Round 446 (Div. 2)
886,Технокубок 2018 - Отборочный Раунд 3
889,"Codeforces Round 445 (Div. 1, based on Technocup 2018 Elimination Round 3)"
890,"Codeforces Round 445 (Div. 2, based on Technocup 2018 Elimination Round 3)"
888,Educational Codeforces Round 32
885,Технокубок 2018 - Ознакомительный Раунд 3
887,Codeforces Round 444 (Div. 2)
884,Educational Codeforces Round 31
878,Codeforces Round 443 (Div. 1)
879,Codeforces Round 443 (Div. 2)
877,Codeforces Round 442 (Div. 2)
883,"2017-2018 ACM-ICPC, NEERC, Southern Subregional Contest (Online Mirror, ACM-ICPC Rules, Teams Preferred)"
875,"Codeforces Round 441 (Div. 1, by Moscow Team Olympiad)"
876,"Codeforces Round 441 (Div. 2, by Moscow Team Olympiad)"
871,"Codeforces Round 440 (Div. 1, based on Technocup 2018 Elimination Round 2)"
872,"Codeforces Round 440 (Div. 2, based on Technocup 2018 Elimination Round 2)"
870,Technocup 2018 - Elimination Round 2
873,Educational Codeforces Round 30
874,Technocup 2018 - Practice Round 2
869,Codeforces Round 439 (Div. 2)
868,Codeforces Round 438 by Sberbank and Barcelona Bootcamp (Div. 1 + Div. 2 combined)
867,"Codeforces Round 437 (Div. 2, based on MemSQL Start[c]UP 3.0 - Round 2)"
865,MemSQL Start[c]UP 3.0 - Round 2 (onsite finalists)
866,MemSQL Start[c]UP 3.0 - Round 2 and Codeforces Round 437 (Div. 1)
864,Codeforces Round 436 (Div. 2)
855,"Manthan, Codefest 17"
863,Educational Codeforces Round 29
862,Codeforces Round 435 (Div. 2)
847,"2017-2018 ACM-ICPC, NEERC, Southern Subregional Contest, qualification stage (Online Mirror, ACM-ICPC Rules, Teams Preferred)"
858,Технокубок 2018 - Отборочный Раунд 1
860,"Codeforces Round 434 (Div. 1, based on Technocup 2018 Elimination Round 1)"
861,"Codeforces Round 434 (Div. 2, based on Technocup 2018 Elimination Round 1)"
859,MemSQL Start[c]UP 3.0 - Round 1
857,Технокубок 2018 - Ознакомительный Раунд 1
856,"Russian Code Cup 2017 - Finals [Unofficial Mirror, Div. 1 Only Recommended, Teams Allowed]"
853,"Codeforces Round 433 (Div. 1, based on Olympiad of Metropolises)"
854,"Codeforces Round 433 (Div. 2, based on Olympiad of Metropolises)"
846,Educational Codeforces Round 28
850,"Codeforces Round 432 (Div. 1, based on IndiaHacks Final Round 2017)"
851,"Codeforces Round 432 (Div. 2, based on IndiaHacks Final Round 2017)"
852,Bubble Cup X - Finals [Online Mirror]
848,Codeforces Round 431 (Div. 1)
849,Codeforces Round 431 (Div. 2)
842,Codeforces Round 430 (Div. 2)
843,AIM Tech Round 4 (Div. 1)
844,AIM Tech Round 4 (Div. 2)
845,Educational Codeforces Round 27
840,Codeforces Round 429 (Div. 1)
841,Codeforces Round 429 (Div. 2)
839,Codeforces Round 428 (Div. 2)
838,"IndiaHacks 2nd Elimination 2017 (unofficial, unrated mirror, ICPC rules)"
837,Educational Codeforces Round 26
835,Codeforces Round 427 (Div. 2)
833,Codeforces Round 426 (Div. 1)
834,Codeforces Round 426 (Div. 2)
832,Codeforces Round 425 (Div. 2)
825,Educational Codeforces Round 25
830,"Codeforces Round 424 (Div. 1, rated, based on VK Cup Finals)"
831,"Codeforces Round 424 (Div. 2, rated, based on VK Cup Finals)"
827,"Codeforces Round 423 (Div. 1, rated, based on VK Cup Finals)"
828,"Codeforces Round 423 (Div. 2, rated, based on VK Cup Finals)"
823,VK Cup 2017 - Finals
826,VK Cup 2017 - Finals (practice session)
822,Codeforces Round 422 (Div. 2)
818,Educational Codeforces Round 24
819,Codeforces Round 421 (Div. 1)
820,Codeforces Round 421 (Div. 2)
821,Codeforces Round 420 (Div. 2)
815,Codeforces Round 419 (Div. 1)
816,Codeforces Round 419 (Div. 2)
817,Educational Codeforces Round 23
814,Codeforces Round 418 (Div. 2)
813,Educational Codeforces Round 22
812,Codeforces Round 417 (Div. 2)
802,"Helvetic Coding Contest 2017 online mirror (teams allowed, unrated)"
811,Codeforces Round 416 (Div. 2)
809,Codeforces Round 415 (Div. 1)
810,Codeforces Round 415 (Div. 2)
808,Educational Codeforces Round 21
794,"Tinkoff Challenge - Final Round (Codeforces Round 414, rated, Div. 1 + Div. 2)"
799,"Playrix Codescapes Cup (Codeforces Round 413, rated, Div. 1 + Div. 2)"
806,"Codeforces Round 412 (rated, Div. 1, based on VK Cup 2017 Round 3)"
807,"Codeforces Round 412 (rated, Div. 2, base on VK Cup 2017 Round 3)"
773,VK Cup 2017 - Round 3
804,Codeforces Round 411 (Div. 1)
805,Codeforces Round 411 (Div. 2)
803,Educational Codeforces Round 20
775,VK Cup 2017 - Wild Card Round 2
793,Tinkoff Challenge - Elimination Round
798,Codeforces Round 410 (Div. 2)
800,"Codeforces Round 409 (rated, Div. 1, based on VK Cup 2017 Round 2)"
801,"Codeforces Round 409 (rated, Div. 2, based on VK Cup 2017 Round 2)"
772,VK Cup 2017 - Round 2
797,Educational Codeforces Round 19
796,Codeforces Round 408 (Div. 2)
774,VK Cup 2017 - Wild Card Round 1
795,VK Cup 2017 - Wild Card Round 1 (Unofficial Public Mirror)
784,April Fools Contest 2017
788,Codeforces Round 407 (Div. 1)
789,Codeforces Round 407 (Div. 2)
792,Educational Codeforces Round 18
786,Codeforces Round 406 (Div. 1)
787,Codeforces Round 406 (Div. 2)
790,"Codeforces Round 405 (rated, Div. 1, based on VK Cup 2017 Round 1)"
791,"Codeforces Round 405 (rated, Div. 2, based on VK Cup 2017 Round 1)"
771,VK Cup 2017 - Round 1
785,Codeforces Round 404 (Div. 2)
770,VK Cup 2017 - Qualification 2
781,"Codeforces Round 403 (Div. 1, based on Technocup 2017 Finals)"
782,"Codeforces Round 403 (Div. 2, based on Technocup 2017 Finals)"
780,Технокубок 2017 - Финал (только для онсайт-финалистов)
769,VK Cup 2017 - Qualification 1
778,Codeforces Round 402 (Div. 1)
779,Codeforces Round 402 (Div. 2)
777,Codeforces Round 401 (Div. 2)
776,"ICM Technex 2017 and Codeforces Round 400 (Div. 1 + Div. 2, combined)"
768,"Divide by Zero 2017 and Codeforces Round 399 (Div. 1 + Div. 2, combined)"
767,Codeforces Round 398 (Div. 2)
765,Codeforces Round 397 by Kaspersky Lab and Barcelona Bootcamp (Div. 1 + Div. 2 combined)
766,Codeforces Round 396 (Div. 2)
763,Codeforces Round 395 (Div. 1)
764,Codeforces Round 395 (Div. 2)
761,Codeforces Round 394 (Div. 2)
762,Educational Codeforces Round 17
756,8VC Venture Cup 2017 - Final Round
759,Codeforces Round 393 (Div. 1) (8VC Venture Cup 2017 - Final Round Div. 1 Edition)
760,Codeforces Round 393 (Div. 2) (8VC Venture Cup 2017 - Final Round Div. 2 Edition)
758,Codeforces Round 392 (Div. 2)
755,8VC Venture Cup 2017 - Elimination Round
757,"Codecraft-17 and Codeforces Round 391 (Div. 1 + Div. 2, combined)"
754,Codeforces Round 390 (Div. 2)
750,Good Bye 2016
753,Testing Round 13
752,"Codeforces Round 389 (Div. 2, Rated, Based on Technocup 2017 - Elimination Round 3)"
748,Technocup 2017 - Elimination Round 3
751,Технокубок 2017 - Ознакомительный Раунд 3
749,Codeforces Round 388 (Div. 2)
747,Codeforces Round 387 (Div. 2)
746,Codeforces Round 386 (Div. 2)
744,Codeforces Round 385 (Div. 1)
745,Codeforces Round 385 (Div. 2)
743,Codeforces Round 384 (Div. 2)
741,Codeforces Round 383 (Div. 1)
742,Codeforces Round 383 (Div. 2)
736,Codeforces Round 382 (Div. 1)
735,Codeforces Round 382 (Div. 2)
739,Codeforces Round 381 (Div. 1)
740,Codeforces Round 381 (Div. 2)
737,"Codeforces Round 380 (Div. 1, Rated, Based on Technocup 2017 - Elimination Round 2)"
738,"Codeforces Round 380 (Div. 2, Rated, Based on Technocup 2017 - Elimination Round 2)"
729,Technocup 2017 - Elimination Round 2
728,Технокубок 2017 - Ознакомительный Раунд 2
734,Codeforces Round 379 (Div. 2)
733,Codeforces Round 378 (Div. 2)
730,"2016-2017 ACM-ICPC, NEERC, Southern Subregional Contest (Online Mirror, ACM-ICPC Rules, Teams Preferred)"
725,Canada Cup 2016
732,Codeforces Round 377 (Div. 2)
731,Codeforces Round 376 (Div. 2)
727,"Technocup 2017 - Elimination Round 1 (Unofficially Open for Everyone, Rated for Div. 2)"
726,Технокубок 2017 - Ознакомительный Раунд 1
724,"Intel Code Challenge Final Round (Div. 1 + Div. 2, Combined)"
723,Codeforces Round 375 (Div. 2)
722,"Intel Code Challenge Elimination Round (Div. 1 + Div. 2, combined)"
721,Codeforces Round 374 (Div. 2)
718,Codeforces Round 373 (Div. 1)
719,Codeforces Round 373 (Div. 2)
720,"Russian Code Cup 2016 - Finals [Unofficial Mirror, Div. 1 Only Recommended]"
715,Codeforces Round 372 (Div. 1)
716,Codeforces Round 372 (Div. 2)
713,Codeforces Round 371 (Div. 1)
714,Codeforces Round 371 (Div. 2)
717,Bubble Cup 9 - Finals [Online Mirror]
712,Codeforces Round 370 (Div. 2)
711,Codeforces Round 369 (Div. 2)
708,AIM Tech Round 3 (Div. 1)
709,AIM Tech Round 3 (Div. 2)
710,Educational Codeforces Round 16
707,Codeforces Round 368 (Div. 2)
706,Codeforces Round 367 (Div. 2)
704,Codeforces Round 366 (Div. 1)
705,Codeforces Round 366 (Div. 2)
703,Codeforces Round 365 (Div. 2)
702,Educational Codeforces Round 15
700,Codeforces Round 364 (Div. 1)
701,Codeforces Round 364 (Div. 2)
698,Codeforces Round 363 (Div. 1)
699,Codeforces Round 363 (Div. 2)
696,Codeforces Round 362 (Div. 1)
697,Codeforces Round 362 (Div. 2)
691,Educational Codeforces Round 14
690,"Helvetic Coding Contest 2016 online mirror (teams, unrated)"
689,Codeforces Round 361 (Div. 2)
695,VK Cup 2016 - Finals
693,VK Cup 2016 - Finals (trial contest)
687,Codeforces Round 360 (Div. 1)
688,Codeforces Round 360 (Div. 2)
685,Codeforces Round 359 (Div. 1)
686,Codeforces Round 359 (Div. 2)
682,Codeforces Round 358 (Div. 2)
683,Surprise Language Round 8
681,Codeforces Round 357 (Div. 2)
678,Educational Codeforces Round 13
684,Codeforces Marathon Round 1
679,Codeforces Round 356 (Div. 1)
680,Codeforces Round 356 (Div. 2)
677,Codeforces Round 355 (Div. 2)
676,Codeforces Round 354 (Div. 2)
675,Codeforces Round 353 (Div. 2)
671,Codeforces Round 352 (Div. 1)
672,Codeforces Round 352 (Div. 2)
674,"Codeforces Round 351 (VK Cup 2016 Round 3, Div. 1 Edition)"
673,"Codeforces Round 351 (VK Cup 2016 Round 3, Div. 2 Edition)"
643,VK Cup 2016 - Round 3
670,Codeforces Round 350 (Div. 2)
666,Codeforces Round 349 (Div. 1)
667,Codeforces Round 349 (Div. 2)
642,VK Cup 2016 - Wild Card Round 2
668,"Codeforces Round 348 (VK Cup 2016 Round 2, Div. 1 Edition)"
669,"Codeforces Round 348 (VK Cup 2016 Round 2, Div. 2 Edition)"
641,VK Cup 2016 - Round 2
665,Educational Codeforces Round 12
663,Codeforces Round 347 (Div. 1)
664,Codeforces Round 347 (Div. 2)
662,"CROC 2016 - Final Round [Private, For Onsite Finalists Only]"
640,VK Cup 2016 - Wild Card Round 1
661,VK Cup 2016 - Wild Card Round 1 (Unofficial Open Online Mirror)
660,Educational Codeforces Round 11
656,April Fools Day Contest 2016
659,Codeforces Round 346 (Div. 2)
639,VK Cup 2016 - Round 1
658,VK Cup 2016 - Round 1 (Div. 2 Edition)
657,VK Cup 2016 - Round 1 (Div.1 Edition)
649,Технокубок 2016 - Отборочный Раунд 2
652,Educational Codeforces Round 10
647,Технокубок 2016 - Ознакомительный Раунд 2
648,Технокубок 2016 - Отборочный Раунд 1
646,Технокубок 2016 - Ознакомительный Раунд 1
638,VK Cup 2016 - Qualification Round 2
653,IndiaHacks 2016 - Online Edition (Div. 1 + Div. 2)
645,CROC 2016 - Elimination Round
655,CROC 2016 - Elimination Round  (Rated Unofficial Edition)
644,CROC 2016 - Qualification
637,VK Cup 2016 - Qualification Round 1
650,Codeforces Round 345 (Div. 1)
651,Codeforces Round 345 (Div. 2)
631,Codeforces Round 344 (Div. 2)
632,Educational Codeforces Round 9
636,VeeRoute Marathon
627,8VC Venture Cup 2016 - Final Round
634,8VC Venture Cup 2016 - Final Round (Div. 1 Edition)
635,8VC Venture Cup 2016 - Final Round (Div. 2 Edition)
633,"Manthan, Codefest 16"
629,Codeforces Round 343 (Div. 2)
628,Educational Codeforces Round 8
630,Experimental Educational Round: VolBIT Formulas Blitz
626,8VC Venture Cup 2016 - Elimination Round
622,Educational Codeforces Round 7
625,Codeforces Round 342 (Div. 2)
623,AIM Tech Round (Div. 1)
624,AIM Tech Round (Div. 2)
621,Codeforces Round 341 (Div. 2)
618,Wunder Fund Round 2016 (Div. 1 + Div. 2 combined)
617,Codeforces Round 340 (Div. 2)
620,Educational Codeforces Round 6
613,Codeforces Round 339 (Div. 1)
614,Codeforces Round 339 (Div. 2)
616,Educational Codeforces Round 5
615,Codeforces Round 338 (Div. 2)
611,Good Bye 2015
610,Codeforces Round 337 (Div. 2)
612,Educational Codeforces Round 4
607,Codeforces Round 336 (Div. 1)
608,Codeforces Round 336 (Div. 2)
609,Educational Codeforces Round 3
605,Codeforces Round 335 (Div. 1)
606,Codeforces Round 335 (Div. 2)
603,Codeforces Round 334 (Div. 1)
604,Codeforces Round 334 (Div. 2)
600,Educational Codeforces Round 2
601,Codeforces Round 333 (Div. 1)
602,Codeforces Round 333 (Div. 2)
599,Codeforces Round 332 (Div. 2)
596,Codeforces Round 331 (Div. 2)
598,Educational Codeforces Round 1
597,Testing Round 12
594,Codeforces Round 330 (Div. 1)
595,Codeforces Round 330 (Div. 2)
593,Codeforces Round 329 (Div. 2)
592,Codeforces Round 328 (Div. 2)
590,Codeforces Round 327 (Div. 1)
591,Codeforces Round 327 (Div. 2)
587,Codeforces Round 326 (Div. 1)
588,Codeforces Round 326 (Div. 2)
585,Codeforces Round 325 (Div. 1)
586,Codeforces Round 325 (Div. 2)
584,Codeforces Round 324 (Div. 2)
582,Codeforces Round 323 (Div. 1)
583,Codeforces Round 323 (Div. 2)
581,Codeforces Round 322 (Div. 2)
580,Codeforces Round 321 (Div. 2)
578,Codeforces Round 320 (Div. 1) [Bayan Thanks-Round]
579,Codeforces Round 320 (Div. 2) [Bayan Thanks-Round]
576,Codeforces Round 319 (Div. 1)
577,Codeforces Round 319 (Div. 2)
575,Bubble Cup 8 - Finals [Online Mirror]
573,Codeforces Round 318 [RussianCodeCup Thanks-Round] (Div. 1)
574,Codeforces Round 318 [RussianCodeCup Thanks-Round] (Div. 2)
571,Codeforces Round 317 [AimFund Thanks-Round] (Div. 1)
572,Codeforces Round 317 [AimFund Thanks-Round] (Div. 2)
570,Codeforces Round 316 (Div. 2)
568,Codeforces Round 315 (Div. 1)
569,Codeforces Round 315 (Div. 2)
567,Codeforces Round #Pi (Div. 2)
566,"VK Cup 2015 - Finals, online mirror"
562,VK Cup 2015 - Finals
559,Codeforces Round 313 (Div. 1)
560,Codeforces Round 313 (Div. 2)
558,Codeforces Round 312 (Div. 2)
557,Codeforces Round 311 (Div. 2)
555,Codeforces Round 310 (Div. 1)
556,Codeforces Round 310 (Div. 2)
553,Codeforces Round 309 (Div. 1)
554,Codeforces Round 309 (Div. 2)
552,Codeforces Round 308 (Div. 2)
551,Codeforces Round 307 (Div. 2)
549,Looksery Cup 2015
550,Codeforces Round 306 (Div. 2)
547,Codeforces Round 305 (Div. 1)
548,Codeforces Round 305 (Div. 2)
546,Codeforces Round 304 (Div. 2)
545,Codeforces Round 303 (Div. 2)
543,Codeforces Round 302 (Div. 1)
544,Codeforces Round 302 (Div. 2)
541,VK Cup 2015 - Раунд 3
542,"VK Cup 2015 - Round 3 (unofficial online mirror, Div. 1 only)"
540,Codeforces Round 301 (Div. 2)
538,Codeforces Round 300
537,VK Cup 2015 - Wild Card Round 2
532,VK Cup 2015 - Round 2
533,"VK Cup 2015 - Round 2 (unofficial online mirror, Div. 1 only)"
536,Codeforces Round 299 (Div. 1)
535,Codeforces Round 299 (Div. 2)
534,Codeforces Round 298 (Div. 2)
526,ZeptoLab Code Rush 2015
530,VK Cup 2015 - Wild Card Round 1
531,VK Cup 2015 - Wild Card Round 1 (Online Mirror)
525,Codeforces Round 297 (Div. 2)
529,"VK Cup 2015 - Round 1 (unofficial online mirror, Div. 1 only)"
524,VK Cup 2015 - Round 1
528,Codeforces Round 296 (Div. 1)
527,Codeforces Round 296 (Div. 2)
523,VK Cup 2015 - Qualification Round 2
522,VK Cup 2015 - Qualification Round 1
521,Codeforces Round 295 (Div. 1)
520,Codeforces Round 295 (Div. 2)
519,Codeforces Round 294 (Div. 2)
518,Codeforces Round 293 (Div. 2)
516,Codeforces Round 292 (Div. 1)
515,Codeforces Round 292 (Div. 2)
514,Codeforces Round 291 (Div. 2)
513,Rockethon 2015
512,Codeforces Round 290 (Div. 1)
510,Codeforces Round 290 (Div. 2)
509,"Codeforces Round 289 (Div. 2, ACM ICPC Rules)"
508,Codeforces Round 288 (Div. 2)
507,Codeforces Round 287 (Div. 2)
506,Codeforces Round 286 (Div. 1)
505,Codeforces Round 286 (Div. 2)
504,Codeforces Round 285 (Div. 1)
501,Codeforces Round 285 (Div. 2)
500,Good Bye 2014
498,Codeforces Round 284 (Div. 1)
499,Codeforces Round 284 (Div. 2)
497,Codeforces Round 283 (Div. 1)
496,Codeforces Round 283 (Div. 2)
494,Codeforces Round 282 (Div. 1)
495,Codeforces Round 282 (Div. 2)
493,Codeforces Round 281 (Div. 2)
492,Codeforces Round 280 (Div. 2)
490,Codeforces Round 279 (Div. 2)
487,Codeforces Round 278 (Div. 1)
488,Codeforces Round 278 (Div. 2)
491,Testing Round 11
489,Codeforces Round 277.5 (Div. 2)
486,Codeforces Round 277 (Div. 2)
484,Codeforces Round 276 (Div. 1)
485,Codeforces Round 276 (Div. 2)
482,Codeforces Round 275 (Div. 1)
483,Codeforces Round 275 (Div. 2)
480,Codeforces Round 274 (Div. 1)
479,Codeforces Round 274 (Div. 2)
478,Codeforces Round 273 (Div. 2)
477,Codeforces Round 272 (Div. 1)
476,Codeforces Round 272 (Div. 2)
474,Codeforces Round 271 (Div. 2)
475,Bayan 2015 Contest Warm Up
472,Codeforces Round 270
471,Codeforces Round 269 (Div. 2)
468,Codeforces Round 268 (Div. 1)
469,Codeforces Round 268 (Div. 2)
467,Codeforces Round 267 (Div. 2)
470,Surprise Language Round 7
466,Codeforces Round 266 (Div. 2)
464,Codeforces Round 265 (Div. 1)
465,Codeforces Round 265 (Div. 2)
463,Codeforces Round 264 (Div. 2)
461,Codeforces Round 263 (Div. 1)
462,Codeforces Round 263 (Div. 2)
460,Codeforces Round 262 (Div. 2)
459,Codeforces Round 261 (Div. 2)
457,MemSQL Start[c]UP 2.0 - Round 2
458,MemSQL Start[c]UP 2.0 - Round 2 - Online Round
455,Codeforces Round 260 (Div. 1)
456,Codeforces Round 260 (Div. 2)
453,Codeforces Round 259 (Div. 1)
454,Codeforces Round 259 (Div. 2)
452,MemSQL Start[c]UP 2.0 - Round 1
451,Codeforces Round 258 (Div. 2)
449,Codeforces Round 257 (Div. 1)
450,Codeforces Round 257 (Div. 2)
448,Codeforces Round 256 (Div. 2)
446,Codeforces Round #FF (Div. 1)
447,Codeforces Round #FF (Div. 2)
444,Codeforces Round 254 (Div. 1)
445,Codeforces Round 254 (Div. 2)
442,Codeforces Round 253 (Div. 1)
443,Codeforces Round 253 (Div. 2)
436,Zepto Code Rush 2014
441,Codeforces Round 252 (Div. 2)
439,Codeforces Round 251 (Div. 2)
440,Testing Round 10
438,Codeforces Round 250 (Div. 1)
437,Codeforces Round 250 (Div. 2)
435,Codeforces Round 249 (Div. 2)
434,Codeforces Round 248 (Div. 1)
433,Codeforces Round 248 (Div. 2)
431,Codeforces Round 247 (Div. 2)
432,Codeforces Round 246 (Div. 2)
429,Codeforces Round 245 (Div. 1)
430,Codeforces Round 245 (Div. 2)
427,Codeforces Round 244 (Div. 2)
425,Codeforces Round 243 (Div. 1)
426,Codeforces Round 243 (Div. 2)
424,Codeforces Round 242 (Div. 2)
419,Coder-Strike 2014 - Finals
420,"Coder-Strike 2014 - Finals (online edition, Div. 1)"
421,"Coder-Strike 2014 - Finals (online edition, Div. 2)"
413,Coder-Strike 2014 - Round 2
412,Coder-Strike 2014 - Round 1
418,RCC 2014 Warmup (Div. 1)
417,RCC 2014 Warmup (Div. 2)
411,Coder-Strike 2014 - Qualification Round
416,Codeforces Round 241 (Div. 2)
414,Codeforces Round 240 (Div. 1)
415,Codeforces Round 240 (Div. 2)
409,April Fools Day Contest 2014
407,Codeforces Round 239 (Div. 1)
408,Codeforces Round 239 (Div. 2)
406,Codeforces Round 238 (Div. 1)
405,Codeforces Round 238 (Div. 2)
404,Codeforces Round 237 (Div. 2)
403,Codeforces Round 236 (Div. 1)
402,Codeforces Round 236 (Div. 2)
401,Codeforces Round 235 (Div. 2)
400,Codeforces Round 234 (Div. 2)
398,Codeforces Round 233 (Div. 1)
399,Codeforces Round 233 (Div. 2)
396,Codeforces Round 232 (Div. 1)
397,Codeforces Round 232 (Div. 2)
394,Codeforces Round 231 (Div. 2)
392,Codeforces Round 230 (Div. 1)
393,Codeforces Round 230 (Div. 2)
391,Rockethon 2014
390,Codeforces Round 229 (Div. 2)
388,Codeforces Round 228 (Div. 1)
389,Codeforces Round 228 (Div. 2)
387,Codeforces Round 227 (Div. 2)
385,Codeforces Round 226 (Div. 2)
383,Codeforces Round 225 (Div. 1)
384,Codeforces Round 225 (Div. 2)
382,Codeforces Round 224 (Div. 2)
386,Testing Round 9
380,Codeforces Round 223 (Div. 1)
381,Codeforces Round 223 (Div. 2)
379,Good Bye 2013
377,Codeforces Round 222 (Div. 1)
378,Codeforces Round 222 (Div. 2)
375,Codeforces Round 221 (Div. 1)
376,Codeforces Round 221 (Div. 2)
374,Codeforces Round 220 (Div. 2)
372,Codeforces Round 219 (Div. 1)
373,Codeforces Round 219 (Div. 2)
371,Codeforces Round 218 (Div. 2)
370,Codeforces Round 217 (Div. 2)
369,Codeforces Round 216 (Div. 2)
367,Codeforces Round 215 (Div. 1)
368,Codeforces Round 215 (Div. 2)
366,Codeforces Round 214 (Div. 2)
364,Codeforces Round 213 (Div. 1)
365,Codeforces Round 213 (Div. 2)
362,Codeforces Round 212 (Div. 2)
363,Codeforces Round 211 (Div. 2)
360,Codeforces Round 210 (Div. 1)
361,Codeforces Round 210 (Div. 2)
359,Codeforces Round 209 (Div. 2)
358,Codeforces Round 208 (Div. 2)
356,Codeforces Round 207 (Div. 1)
357,Codeforces Round 207 (Div. 2)
354,Codeforces Round 206 (Div. 1)
355,Codeforces Round 206 (Div. 2)
353,Codeforces Round 205 (Div. 2)
351,Codeforces Round 204 (Div. 1)
352,Codeforces Round 204 (Div. 2)
350,Codeforces Round 203 (Div. 2)
348,Codeforces Round 202 (Div. 1)
349,Codeforces Round 202 (Div. 2)
346,Codeforces Round 201 (Div. 1)
347,Codeforces Round 201 (Div. 2)
343,Codeforces Round 200 (Div. 1)
344,Codeforces Round 200 (Div. 2)
345,"Friday the 13th, Programmers Day"
342,Codeforces Round 199 (Div. 2)
341,Codeforces Round 198 (Div. 1)
340,Codeforces Round 198 (Div. 2)
339,Codeforces Round 197 (Div. 2)
338,Codeforces Round 196 (Div. 1)
337,Codeforces Round 196 (Div. 2)
336,Codeforces Round 195 (Div. 2)
326,MemSQL start[c]up Round 2
335,MemSQL start[c]up Round 2 - online version
333,Codeforces Round 194 (Div. 1)
334,Codeforces Round 194 (Div. 2)
332,Codeforces Round 193 (Div. 2)
329,Codeforces Round 192 (Div. 1)
330,Codeforces Round 192 (Div. 2)
331,ABBYY Cup 3.0 - Finals (online version)
324,ABBYY Cup 3.0 - Finals
325,MemSQL start[c]up Round 1
328,Testing Round 8
327,Codeforces Round 191 (Div. 2)
321,Codeforces Round 190 (Div. 1)
322,Codeforces Round 190 (Div. 2)
323,Testing Round 7
319,Codeforces Round 189 (Div. 1)
320,Codeforces Round 189 (Div. 2)
317,Codeforces Round 188 (Div. 1)
318,Codeforces Round 188 (Div. 2)
316,ABBYY Cup 3.0
314,Codeforces Round 187 (Div. 1)
315,Codeforces Round 187 (Div. 2)
313,Codeforces Round 186 (Div. 2)
311,Codeforces Round 185 (Div. 1)
312,Codeforces Round 185 (Div. 2)
305,Codeforces Round 184 (Div. 2)
309,"Croc Champ 2013 - Finals (online version, Div. 1)"
308,Croc Champ 2013 - Finals
303,Codeforces Round 183 (Div. 1)
304,Codeforces Round 183 (Div. 2)
306,Testing Round 6
301,Codeforces Round 182 (Div. 1)
302,Codeforces Round 182 (Div. 2)
300,Codeforces Round 181 (Div. 2)
293,Croc Champ 2013 - Round 2
299,Croc Champ 2013 - Round 2 (Div. 2 Edition)
297,Codeforces Round 180 (Div. 1)
298,Codeforces Round 180 (Div. 2)
292,Croc Champ 2013 - Round 1
291,Croc Champ 2013 - Qualification Round
295,Codeforces Round 179 (Div. 1)
296,Codeforces Round 179 (Div. 2)
294,Codeforces Round 178 (Div. 2)
288,Codeforces Round 177 (Div. 1)
289,Codeforces Round 177 (Div. 2)
290,April Fools Day Contest 2013
286,Codeforces Round 176 (Div. 1)
287,Codeforces Round 176 (Div. 2)
285,Codeforces Round 175 (Div. 2)
283,Codeforces Round 174 (Div. 1)
284,Codeforces Round 174 (Div. 2)
282,Codeforces Round 173 (Div. 2)
280,Codeforces Round 172 (Div. 1)
281,Codeforces Round 172 (Div. 2)
279,Codeforces Round 171 (Div. 2)
277,Codeforces Round 170 (Div. 1)
278,Codeforces Round 170 (Div. 2)
276,Codeforces Round 169 (Div. 2)
274,Codeforces Round 168 (Div. 1)
275,Codeforces Round 168 (Div. 2)
273,Codeforces Round 167 (Div. 1)
272,Codeforces Round 167 (Div. 2)
271,Codeforces Round 166 (Div. 2)
269,Codeforces Round 165 (Div. 1)
270,Codeforces Round 165 (Div. 2)
268,Codeforces Round 164 (Div. 2)
266,Codeforces Round 163 (Div. 2)
264,Codeforces Round 162 (Div. 1)
265,Codeforces Round 162 (Div. 2)
263,Codeforces Round 161 (Div. 2)
261,Codeforces Round 160 (Div. 1)
262,Codeforces Round 160 (Div. 2)
267,Codeforces Testing Round 5
257,Codeforces Round 159 (Div. 2)
260,Codeforces Round 158 (Div. 2)
258,Codeforces Round 157 (Div. 1)
259,Codeforces Round 157 (Div. 2)
256,Codeforces Round 156 (Div. 1)
255,Codeforces Round 156 (Div. 2)
254,Codeforces Round 155 (Div. 2)
253,Codeforces Round 154 (Div. 2)
251,Codeforces Round 153 (Div. 1)
252,Codeforces Round 153 (Div. 2)
250,"CROC-MBTU 2012, Final Round (Online version, Div. 2)"
247,"CROC-MBTU 2012, Final Round"
249,Codeforces Round 152 (Div. 1)
248,Codeforces Round 152 (Div. 2)
246,Codeforces Round 151 (Div. 2)
245,"CROC-MBTU 2012, Elimination Round (ACM-ICPC)"
243,Codeforces Round 150 (Div. 1)
244,Codeforces Round 150 (Div. 2)
242,Codeforces Round 149 (Div. 2)
238,Codeforces Round 148 (Div. 1)
239,Codeforces Round 148 (Div. 2)
241,"Bayan 2012-2013 Elimination Round (ACM ICPC Rules, English statements)"
237,Codeforces Round 147 (Div. 2)
235,Codeforces Round 146 (Div. 1)
236,Codeforces Round 146 (Div. 2)
240,"Codeforces Round 145 (Div. 1, ACM-ICPC Rules)"
234,"Codeforces Round 145 (Div. 2, ACM-ICPC Rules)"
232,Codeforces Round 144 (Div. 1)
233,Codeforces Round 144 (Div. 2)
231,Codeforces Round 143 (Div. 2)
229,Codeforces Round 142 (Div. 1)
230,Codeforces Round 142 (Div. 2)
228,Codeforces Round 141 (Div. 2)
226,Codeforces Round 140 (Div. 1)
227,Codeforces Round 140 (Div. 2)
225,Codeforces Round 139 (Div. 2)
223,Codeforces Round 138 (Div. 1)
224,Codeforces Round 138 (Div. 2)
222,Codeforces Round 137 (Div. 2)
220,Codeforces Round 136 (Div. 1)
221,Codeforces Round 136 (Div. 2)
219,Codeforces Round 135 (Div. 2)
217,Codeforces Round 134 (Div. 1)
218,Codeforces Round 134 (Div. 2)
216,Codeforces Round 133 (Div. 2)
215,Codeforces Round 132 (Div. 2)
213,Codeforces Round 131 (Div. 1)
214,Codeforces Round 131 (Div. 2)
208,Codeforces Round 130 (Div. 2)
212,VK Cup 2012 Finals (unofficial online-version)
211,VK Cup 2012 Finals
209,"VK Cup 2012 Finals, Practice Session"
204,Codeforces Round 129 (Div. 1)
205,Codeforces Round 129 (Div. 2)
207,Abbyy Cup 2.0 - Final (unofficial)
206,Abbyy Cup 2.0 - Final
203,Codeforces Round 128 (Div. 2)
201,Codeforces Round 127 (Div. 1)
202,Codeforces Round 127 (Div. 2)
200,Codeforces Round 126 (Div. 2)
198,Codeforces Round 125 (Div. 1)
199,Codeforces Round 125 (Div. 2)
196,Codeforces Round 124 (Div. 1)
197,Codeforces Round 124 (Div. 2)
195,Codeforces Round 123 (Div. 2)
193,Codeforces Round 122 (Div. 1)
194,Codeforces Round 122 (Div. 2)
191,Codeforces Round 121 (Div. 1)
192,Codeforces Round 121 (Div. 2)
188,Surprise Language Round 6
190,Codeforces Round 120 (Div. 2)
187,Codeforces Round 119 (Div. 1)
189,Codeforces Round 119 (Div. 2)
185,Codeforces Round 118 (Div. 1)
186,Codeforces Round 118 (Div. 2)
178,ABBYY Cup 2.0 - Hard
183,Croc Champ 2012 - Final
182,Codeforces Round 117 (Div. 2)
180,"Codeforces Round 116 (Div. 2, ACM-ICPC Rules)"
177,ABBYY Cup 2.0 - Easy
176,Croc Champ 2012 - Round 2
181,Croc Champ 2012 - Round 2 (Unofficial Div. 2 Edition)
175,Codeforces Round 115
164,VK Cup 2012 Round 3
174,VK Cup 2012 Round 3 (Unofficial Div. 2 Edition)
173,Croc Champ 2012 - Round 1
172,Croc Champ 2012 - Qualification Round
171,April Fools Day Contest
170,VK Cup 2012 Wild-card Round 2
167,Codeforces Round 114 (Div. 1)
168,Codeforces Round 114 (Div. 2)
163,VK Cup 2012 Round 2
169,VK Cup 2012 Round 2 (Unofficial Div. 2 Edition)
166,Codeforces Round 113 (Div. 2)
162,VK Cup 2012 Wild-card Round 1
165,Codeforces Round 112 (Div. 2)
161,VK Cup 2012 Round 1
159,VK Cup 2012 Qualification Round 2
160,Codeforces Round 111 (Div. 2)
158,VK Cup 2012 Qualification Round 1
156,Codeforces Round 110 (Div. 1)
157,Codeforces Round 110 (Div. 2)
154,Codeforces Round 109 (Div. 1)
155,Codeforces Round 109 (Div. 2)
153,Surprise Language Round 5
152,Codeforces Round 108 (Div. 2)
150,Codeforces Round 107 (Div. 1)
151,Codeforces Round 107 (Div. 2)
149,Codeforces Round 106 (Div. 2)
148,Codeforces Round 105 (Div. 2)
145,Codeforces Round 104 (Div. 1)
146,Codeforces Round 104 (Div. 2)
144,Codeforces Round 103 (Div. 2)
142,Codeforces Round 102 (Div. 1)
143,Codeforces Round 102 (Div. 2)
141,Codeforces Round 101 (Div. 2)
140,Codeforces Round 100
147,Codeforces Testing Round 4
138,Codeforces Beta Round 99 (Div. 1)
139,Codeforces Beta Round 99 (Div. 2)
137,Codeforces Beta Round 98 (Div. 2)
135,Codeforces Beta Round 97 (Div. 1)
136,Codeforces Beta Round 97 (Div. 2)
132,Codeforces Beta Round 96 (Div. 1)
133,Codeforces Beta Round 96 (Div. 2)
134,Codeforces Testing Round 3
131,Codeforces Beta Round 95 (Div. 2)
130,Unknown Language Round 4
128,Codeforces Beta Round 94 (Div. 1 Only)
129,Codeforces Beta Round 94 (Div. 2 Only)
126,Codeforces Beta Round 93 (Div. 1 Only)
127,Codeforces Beta Round 93 (Div. 2 Only)
123,Codeforces Beta Round 92 (Div. 1 Only)
124,Codeforces Beta Round 92 (Div. 2 Only)
125,Codeforces Testing Round 2
121,Codeforces Beta Round 91 (Div. 1 Only)
122,Codeforces Beta Round 91 (Div. 2 Only)
120,"School Regional Team Contest, Saratov, 2011"
119,Codeforces Beta Round 90
118,Codeforces Beta Round 89 (Div. 2)
117,Codeforces Beta Round 88
115,Codeforces Beta Round 87 (Div. 1 Only)
116,Codeforces Beta Round 87 (Div. 2 Only)
113,Codeforces Beta Round 86 (Div. 1 Only)
114,Codeforces Beta Round 86 (Div. 2 Only)
111,Codeforces Beta Round 85 (Div. 1 Only)
112,Codeforces Beta Round 85 (Div. 2 Only)
109,Codeforces Beta Round 84 (Div. 1 Only)
110,Codeforces Beta Round 84 (Div. 2 Only)
107,Codeforces Beta Round 83 (Div. 1 Only)
108,Codeforces Beta Round 83 (Div. 2 Only)
106,Codeforces Beta Round 82 (Div. 2)
105,Codeforces Beta Round 81
103,Codeforces Beta Round 80 (Div. 1 Only)
104,Codeforces Beta Round 80 (Div. 2 Only)
101,Codeforces Beta Round 79 (Div. 1 Only)
102,Codeforces Beta Round 79 (Div. 2 Only)
100,Unknown Language Round 3
98,Codeforces Beta Round 78 (Div. 1 Only)
99,Codeforces Beta Round 78 (Div. 2 Only)
97,Yandex.Algorithm 2011: Finals
95,Codeforces Beta Round 77 (Div. 1 Only)
96,Codeforces Beta Round 77 (Div. 2 Only)
93,Codeforces Beta Round 76 (Div. 1 Only)
94,Codeforces Beta Round 76 (Div. 2 Only)
91,Codeforces Beta Round 75 (Div. 1 Only)
92,Codeforces Beta Round 75 (Div. 2 Only)
89,Codeforces Beta Round 74 (Div. 1 Only)
90,Codeforces Beta Round 74 (Div. 2 Only)
87,Codeforces Beta Round 73 (Div. 1 Only)
88,Codeforces Beta Round 73 (Div. 2 Only)
86,Yandex.Algorithm 2011: Round 2
85,Yandex.Algorithm 2011: Round 1
83,Codeforces Beta Round 72 (Div. 1 Only)
84,Codeforces Beta Round 72 (Div. 2 Only)
82,Yandex.Algorithm 2011: Qualification 2
81,Yandex.Algorithm Open 2011: Qualification 1
79,Codeforces Beta Round 71
78,Codeforces Beta Round 70 (Div. 2)
77,Codeforces Beta Round 69 (Div. 1 Only)
80,Codeforces Beta Round 69 (Div. 2 Only)
74,Codeforces Beta Round 68
75,Codeforces Beta Round 67 (Div. 2)
76,All-Ukrainian School Olympiad in Informatics
73,Codeforces Beta Round 66
71,Codeforces Beta Round 65 (Div. 2)
70,Codeforces Beta Round 64
69,Codeforces Beta Round 63 (Div. 2)
72,Unknown Language Round 2
68,Codeforces Beta Round 62
67,Manthan 2011
66,Codeforces Beta Round 61 (Div. 2)
65,Codeforces Beta Round 60
63,Codeforces Beta Round 59 (Div. 2)
62,Codeforces Beta Round 58
61,Codeforces Beta Round 57 (Div. 2)
64,Unknown Language Round 1
60,Codeforces Beta Round 56
59,Codeforces Beta Round 55 (Div. 2)
58,Codeforces Beta Round 54 (Div. 2)
57,Codeforces Beta Round 53
56,Codeforces Beta Round 52 (Div. 2)
55,Codeforces Beta Round 51
54,Codeforces Beta Round 50
53,Codeforces Beta Round 49 (Div. 2)
52,Codeforces Testing Round 1
51,Codeforces Beta Round 48
50,Codeforces Beta Round 47
49,Codeforces Beta Round 46 (Div. 2)
48,School Personal Contest #3 (Winter Computer School 2010/11) - Codeforces Beta Round 45 (ACM-ICPC Rules)
47,Codeforces Beta Round 44 (Div. 2)
46,School Personal Contest #2 (Winter Computer School 2010/11) - Codeforces Beta Round 43 (ACM-ICPC Rules)
43,Codeforces Beta Round 42 (Div. 2)
42,Codeforces Beta Round 41
45,School Team Contest 3 (Winter Computer School 2010/11)
41,Codeforces Beta Round 40 (Div. 2)
44,School Team Contest 2 (Winter Computer School 2010/11)
40,Codeforces Beta Round 39
38,School Personal Contest #1 (Winter Computer School 2010/11) - Codeforces Beta Round 38 (ACM-ICPC Rules)
37,Codeforces Beta Round 37
39,School Team Contest 1 (Winter Computer School 2010/11)
36,Codeforces Beta Round 36
35,Codeforces Beta Round 35 (Div. 2)
34,Codeforces Beta Round 34 (Div. 2)
33,Codeforces Beta Round 33 (Codeforces format)
32,"Codeforces Beta Round 32 (Div. 2, Codeforces format)"
31,"Codeforces Beta Round 31 (Div. 2, Codeforces format)"
30,Codeforces Beta Round 30 (Codeforces format)
29,"Codeforces Beta Round 29 (Div. 2, Codeforces format)"
28,Codeforces Beta Round 28 (Codeforces format)
27,"Codeforces Beta Round 27 (Codeforces format, Div. 2)"
26,Codeforces Beta Round 26 (Codeforces format)
25,Codeforces Beta Round 25 (Div. 2 Only)
24,Codeforces Beta Round 24
23,Codeforces Beta Round 23
22,Codeforces Beta Round 22 (Div. 2 Only)
21,Codeforces Alpha Round 21 (Codeforces format)
19,Codeforces Beta Round 19
20,Codeforces Alpha Round 20 (Codeforces format)
18,Codeforces Beta Round 18 (Div. 2 Only)
17,Codeforces Beta Round 17
16,Codeforces Beta Round 16 (Div. 2 Only)
15,Codeforces Beta Round 15
14,Codeforces Beta Round 14 (Div. 2)
13,Codeforces Beta Round 13
12,Codeforces Beta Round 12 (Div 2 Only)
11,Codeforces Beta Round 11
10,Codeforces Beta Round 10
9,Codeforces Beta Round 9 (Div. 2 Only)
8,Codeforces Beta Round 8
7,Codeforces Beta Round 7
6,Codeforces Beta Round 6 (Div. 2 Only)
5,Codeforces Beta Round 5
4,Codeforces Beta Round 4 (Div. 2 Only)
3,Codeforces Beta Round 3
2,Codeforces Beta Round 2
1,Codeforces Beta Round 1
